-- ============================================================
-- 非遗技艺"师徒档案"传承管理系统 - 测试数据（完善版）
-- ============================================================
-- 测试账号:
--   管理员: admin / admin123
--   师傅: master1~3 / 123456
--   徒弟: apprentice1~8 / 123456
-- ============================================================

USE heritage_archive;
SET NAMES utf8mb4;
SET CHARACTER_SET_CLIENT = utf8mb4;
SET CHARACTER_SET_RESULTS = utf8mb4;
SET CHARACTER_SET_CONNECTION = utf8mb4;

-- 1. 用户 (admin123=$2a$10$gD4..., 123456=$2a$10$Ekm...)
INSERT INTO `sys_user` (`id`,`username`,`password`,`real_name`,`avatar`,`phone`,`email`,`gender`,`role`,`status`,`created_at`,`updated_at`) VALUES
(1,'admin','$2a$10$gD4NcskOYiSiqS/Iu6ItmOv90PcgGM06ceG74xew1bdK70WXI2qjK','系统管理员','https://ui-avatars.com/api/?name=Admin&background=4A90D9&color=fff&size=200','13800000001','admin@heritage.com',1,'ADMIN',1,'2025-01-01 08:00:00','2025-01-01 08:00:00'),
(2,'master1','$2a$10$EkmKB9rRKpX4txLgKRjQEOqLGeOdBKUuL7BKDQUcM23CZxtuUDoMW','张明远','https://ui-avatars.com/api/?name=张明远&background=2E86AB&color=fff&size=200','13900001001','zhangmy@heritage.com',1,'MASTER',1,'2025-01-05 09:30:00','2025-01-05 09:30:00'),
(3,'master2','$2a$10$EkmKB9rRKpX4txLgKRjQEOqLGeOdBKUuL7BKDQUcM23CZxtuUDoMW','李秀芳','https://ui-avatars.com/api/?name=李秀芳&background=A23B72&color=fff&size=200','13900001002','lixf@heritage.com',2,'MASTER',1,'2025-01-08 10:00:00','2025-01-08 10:00:00'),
(4,'master3','$2a$10$EkmKB9rRKpX4txLgKRjQEOqLGeOdBKUuL7BKDQUcM23CZxtuUDoMW','王德厚','https://ui-avatars.com/api/?name=王德厚&background=F18F01&color=fff&size=200','13900001003','wangdh@heritage.com',1,'MASTER',1,'2025-01-12 14:00:00','2025-01-12 14:00:00'),
(5,'apprentice1','$2a$10$EkmKB9rRKpX4txLgKRjQEOqLGeOdBKUuL7BKDQUcM23CZxtuUDoMW','陈小雨','https://ui-avatars.com/api/?name=陈小雨&background=C73E1D&color=fff&size=200','13700001001','chenxy@heritage.com',2,'APPRENTICE',1,'2025-01-15 08:00:00','2025-01-15 08:00:00'),
(6,'apprentice2','$2a$10$EkmKB9rRKpX4txLgKRjQEOqLGeOdBKUuL7BKDQUcM23CZxtuUDoMW','刘一凡','https://ui-avatars.com/api/?name=刘一凡&background=3B1F2B&color=fff&size=200','13700001002','liuyf@heritage.com',1,'APPRENTICE',1,'2025-01-18 09:00:00','2025-01-18 09:00:00'),
(7,'apprentice3','$2a$10$EkmKB9rRKpX4txLgKRjQEOqLGeOdBKUuL7BKDQUcM23CZxtuUDoMW','赵美琳','https://ui-avatars.com/api/?name=赵美琳&background=DB7093&color=fff&size=200','13700001003','zhaoml@heritage.com',2,'APPRENTICE',1,'2025-02-01 10:30:00','2025-02-01 10:30:00'),
(8,'apprentice4','$2a$10$EkmKB9rRKpX4txLgKRjQEOqLGeOdBKUuL7BKDQUcM23CZxtuUDoMW','孙浩然','https://ui-avatars.com/api/?name=孙浩然&background=2E8B57&color=fff&size=200','13700001004','sunhr@heritage.com',1,'APPRENTICE',1,'2025-02-05 11:00:00','2025-02-05 11:00:00'),
(9,'apprentice5','$2a$10$EkmKB9rRKpX4txLgKRjQEOqLGeOdBKUuL7BKDQUcM23CZxtuUDoMW','周雅琴','https://ui-avatars.com/api/?name=周雅琴&background=6A5ACD&color=fff&size=200','13700001005','zhouyq@heritage.com',2,'APPRENTICE',1,'2025-02-10 08:30:00','2025-02-10 08:30:00'),
(10,'apprentice6','$2a$10$EkmKB9rRKpX4txLgKRjQEOqLGeOdBKUuL7BKDQUcM23CZxtuUDoMW','吴天逸','https://ui-avatars.com/api/?name=吴天逸&background=4682B4&color=fff&size=200','13700001006','wuty@heritage.com',1,'APPRENTICE',1,'2025-02-15 09:00:00','2025-02-15 09:00:00'),
(11,'apprentice7','$2a$10$EkmKB9rRKpX4txLgKRjQEOqLGeOdBKUuL7BKDQUcM23CZxtuUDoMW','郑晓慧','https://ui-avatars.com/api/?name=郑晓慧&background=CD853F&color=fff&size=200','13700001007','zhengxh@heritage.com',2,'APPRENTICE',1,'2025-03-01 10:00:00','2025-03-01 10:00:00'),
(12,'apprentice8','$2a$10$EkmKB9rRKpX4txLgKRjQEOqLGeOdBKUuL7BKDQUcM23CZxtuUDoMW','黄文博','https://ui-avatars.com/api/?name=黄文博&background=8B4513&color=fff&size=200','13700001008','huangwb@heritage.com',1,'APPRENTICE',1,'2025-03-05 08:00:00','2025-03-05 08:00:00');

-- 2. 技艺类别
INSERT INTO `skill_category` (`id`,`name`,`parent_id`,`sort_order`,`description`,`created_at`,`updated_at`) VALUES
(1,'传统美术',NULL,1,'包括中国画、书法、剪纸、年画、刺绣等','2025-01-01 00:00:00','2025-01-01 00:00:00'),
(2,'传统技艺',NULL,2,'包括陶瓷、织染、漆艺、雕刻、编结等','2025-01-01 00:00:00','2025-01-01 00:00:00'),
(3,'传统音乐',NULL,3,'包括民歌、器乐、戏曲音乐等','2025-01-01 00:00:00','2025-01-01 00:00:00'),
(4,'传统舞蹈',NULL,4,'包括民间舞蹈、宫廷舞蹈等','2025-01-01 00:00:00','2025-01-01 00:00:00'),
(5,'传统戏剧',NULL,5,'包括京剧、昆曲、豫剧、越剧等','2025-01-01 00:00:00','2025-01-01 00:00:00'),
(6,'传统医药',NULL,6,'包括中医、针灸、正骨等','2025-01-01 00:00:00','2025-01-01 00:00:00'),
(7,'民俗',NULL,7,'包括节日习俗、礼仪、信仰等','2025-01-01 00:00:00','2025-01-01 00:00:00'),
(8,'剪纸',1,1,'传统剪纸艺术','2025-01-01 00:00:00','2025-01-01 00:00:00'),
(9,'刺绣',1,2,'各地刺绣工艺，含苏绣、湘绣、蜀绣、粤绣','2025-01-01 00:00:00','2025-01-01 00:00:00'),
(10,'陶瓷烧制',2,1,'传统陶瓷制作与烧制工艺','2025-01-01 00:00:00','2025-01-01 00:00:00'),
(11,'木雕',2,2,'传统木雕工艺','2025-01-01 00:00:00','2025-01-01 00:00:00'),
(12,'漆艺',2,3,'传统漆器制作工艺','2025-01-01 00:00:00','2025-01-01 00:00:00'),
(13,'织染',2,4,'蓝印花布、扎染、蜡染等','2025-01-01 00:00:00','2025-01-01 00:00:00'),
(14,'编结',2,5,'中国结、竹编、草编等','2025-01-01 00:00:00','2025-01-01 00:00:00'),
(15,'书法',1,3,'传统书法艺术','2025-01-01 00:00:00','2025-01-01 00:00:00'),
(16,'年画',1,4,'传统年画制作','2025-01-01 00:00:00','2025-01-01 00:00:00');

-- 3. 非遗项目（使用 picsum.photos 真实随机图片，每个项目独立 seed）
INSERT INTO `heritage_project` (`id`,`name`,`category_id`,`level`,`description`,`region`,`image_url`,`status`,`created_at`,`updated_at`) VALUES
(1,'南通蓝印花布印染技艺',13,'国家级','蓝印花布是中国传统的手工印花染色技术，以蓝白两色为主色调，图案朴素优美，具有浓郁的民间艺术风格。南通蓝印花布印染技艺历史悠久，源于宋代，兴盛于明清，是中国民间印染技艺的典型代表。其制作过程包括设计图稿、镂刻花版、调制浆料、刮浆上布、入缸浸染、刮白整理等多道工序。','江苏南通','https://picsum.photos/seed/heritage01/800/600',1,'2025-01-02 00:00:00','2025-01-02 00:00:00'),
(2,'景德镇手工制瓷技艺',10,'国家级','景德镇传统手工制瓷技艺涵盖了拉坯、利坯、画坯、施釉和烧窑等72道工序，是中华陶瓷文化的瑰宝。景德镇自五代时期便开始制瓷，历经宋、元、明、清千年传承，形成了独特的制瓷体系，被誉为"瓷都"。','江西景德镇','https://picsum.photos/seed/heritage02/800/600',1,'2025-01-02 00:00:00','2025-01-02 00:00:00'),
(3,'苏州刺绣',9,'国家级','苏绣是中国四大名绣之一，以精细雅洁著称，题材广泛，技法独特，色彩清雅。苏绣发源于江苏苏州，迄今已有两千多年的历史。以精细、素雅、均匀著称，其特点是图案秀丽、构思巧妙、针法活泼、色彩清雅。','江苏苏州','https://picsum.photos/seed/heritage03/800/600',1,'2025-01-02 00:00:00','2025-01-02 00:00:00'),
(4,'东阳木雕',11,'国家级','东阳木雕因产于浙江东阳而得名，以平面浮雕为主，题材多为花鸟山水、民间故事。东阳木雕约始于唐代，至今已有千余年历史，是中国民间雕刻艺术的典型代表。','浙江东阳','https://picsum.photos/seed/heritage04/800/600',1,'2025-01-02 00:00:00','2025-01-02 00:00:00'),
(5,'福州脱胎漆器髹饰技艺',12,'国家级','福州脱胎漆器与北京景泰蓝、江西景德镇瓷器并誉为中国传统工艺"三宝"。脱胎漆器质地坚固轻巧、造型典雅别致、色泽瑰丽鲜艳、装饰精细巧妙，是中国漆器艺术的巅峰之作。','福建福州','https://picsum.photos/seed/heritage05/800/600',1,'2025-01-02 00:00:00','2025-01-02 00:00:00'),
(6,'中国剪纸',8,'国家级','中国剪纸是世界级非物质文化遗产，用剪刀或刻刀在纸上剪刻花纹，用于装点生活或配合民俗活动。2009年入选联合国教科文组织人类非物质文化遗产代表作名录。','全国','https://picsum.photos/seed/heritage06/800/600',1,'2025-01-02 00:00:00','2025-01-02 00:00:00'),
(7,'豫剧',5,'国家级','豫剧是中国五大戏曲剧种之一，起源于河南，以唱腔铿锵大气、抑扬有度著称。豫剧原称河南梆子，又名河南高调、靠山吼，是中原地区最具代表性的戏曲形式。','河南','https://picsum.photos/seed/heritage07/800/600',1,'2025-01-03 00:00:00','2025-01-03 00:00:00'),
(8,'竹编工艺',14,'省级','利用竹子的韧性和弹性，通过编、织、穿、绕等手法制作各种生活用品和工艺品。四川竹编历史悠久，技艺精湛，产品种类繁多，是中国传统手工编织艺术的杰出代表。','四川','https://picsum.photos/seed/heritage08/800/600',1,'2025-01-03 00:00:00','2025-01-03 00:00:00'),
(9,'汝瓷烧制技艺',10,'省级','汝瓷以温润的天青色闻名于世，烧制工艺复杂，需精确控制窑温和还原气氛。汝窑位列宋代五大名窑之首，有"汝窑为魁"之赞誉，其釉色"雨过天青云破处"为历代文人所推崇。','河南汝州','https://picsum.photos/seed/heritage09/800/600',1,'2025-01-04 00:00:00','2025-01-04 00:00:00'),
(10,'朱仙镇木版年画',16,'国家级','朱仙镇木版年画起源于北宋，是中国四大年画之一，以线条粗犷、色彩鲜艳著称。年画题材多取自历史故事、神话传说和民间生活，寄托了劳动人民的美好愿望。','河南开封','https://picsum.photos/seed/heritage10/800/600',1,'2025-01-04 00:00:00','2025-01-04 00:00:00'),
(11,'蜀绣',9,'国家级','蜀绣又名川绣，与苏绣、湘绣、粤绣齐名为中国四大名绣。蜀绣以针法精细、色彩明丽闻名，尤以"车拧针"独具特色，所绣花鸟走兽逼真生动。','四川成都','https://picsum.photos/seed/heritage11/800/600',1,'2025-01-05 00:00:00','2025-01-05 00:00:00'),
(12,'大理白族扎染技艺',13,'省级','大理白族扎染技艺是云南传统手工印染技术，以板蓝根为染料，图案独具民族特色。周城被誉为"扎染之乡"，扎染产品以蓝白两色为主，清新素雅。','云南大理','https://picsum.photos/seed/heritage12/800/600',1,'2025-01-05 00:00:00','2025-01-05 00:00:00'),
(13,'宜兴紫砂陶制作技艺',10,'国家级','宜兴紫砂壶以其独特的材质和精湛的工艺闻名世界，集造型、绘画、诗文、书法、篆刻于一体，具有极高的艺术价值和收藏价值。紫砂矿料经过多道工序加工成型后烧制而成。','江苏宜兴','https://picsum.photos/seed/heritage13/800/600',1,'2025-01-06 00:00:00','2025-01-06 00:00:00'),
(14,'湘绣',9,'国家级','湘绣是中国四大名绣之一，以湖南长沙为中心，至今已有两千多年历史。以丝绒线绣花，技术精湛，风格多变，尤以狮虎走兽绣品最为出名，被誉为"绣花可以闻香"。','湖南长沙','https://picsum.photos/seed/heritage14/800/600',1,'2025-01-06 00:00:00','2025-01-06 00:00:00'),
(15,'唐三彩烧制技艺',10,'省级','唐三彩是中国古代陶瓷烧制工艺的珍品，以黄、绿、白三色为主要釉色，造型生动，釉色斑斓，是唐代文化繁荣的实物见证。洛阳唐三彩烧制技艺传承千年。','河南洛阳','https://picsum.photos/seed/heritage15/800/600',1,'2025-01-07 00:00:00','2025-01-07 00:00:00'),
(16,'苗族银饰锻制技艺',2,'国家级','苗族银饰锻制技艺流传于贵州、湖南等苗族聚居区，以其造型独特、工艺精细著称。银匠手工打造各种头饰、颈饰、胸饰等，是苗族文化的重要载体。','贵州黔东南','https://picsum.photos/seed/heritage16/800/600',1,'2025-01-07 00:00:00','2025-01-07 00:00:00'),
(17,'龙泉青瓷烧制技艺',10,'国家级','龙泉青瓷始于三国两晋，盛于南宋，以"如玉似冰"的釉色闻名天下。2009年入选联合国教科文组织人类非物质文化遗产代表作名录，是全球唯一入选的陶瓷类项目。','浙江龙泉','https://picsum.photos/seed/heritage17/800/600',1,'2025-01-08 00:00:00','2025-01-08 00:00:00'),
(18,'潍坊风筝制作技艺',1,'国家级','潍坊是世界风筝之都，风筝制作历史可追溯到两千多年前。潍坊风筝以其选材讲究、造型优美、扎糊精巧、形象逼真而享誉海内外。','山东潍坊','https://picsum.photos/seed/heritage18/800/600',1,'2025-01-08 00:00:00','2025-01-08 00:00:00');

-- 4. 师傅档案
INSERT INTO `master_profile` (`id`,`user_id`,`title`,`heritage_project_id`,`skill_category_id`,`career_years`,`career_history`,`specialties`,`representative_works`,`bio`,`honor`,`audit_status`,`created_at`,`updated_at`) VALUES
(1,2,'省级非遗传承人',1,13,35,'1990年随祖母学习蓝印花布印染技艺，1995年独立完成第一件作品。2000年被认定为市级非遗传承人，2005年创办"蓝韵坊"工作室。2010年获省级非遗传承人称号。2015年赴日本、法国进行文化交流。2020年受聘为南通大学客座教授，致力于蓝印花布技艺的高校传承。','蓝印花布印染、图案设计、染料配制、传统纹样研究','["蓝印花布百福图","四季花卉蓝印长卷","龙凤呈祥蓝印挂毯","蓝染二十四节气系列"]','张明远，男，1975年生于江苏南通，师承祖母学习蓝印花布印染技艺，从艺35年。致力于传统蓝印花布技艺的传承与创新，在保持传统工艺精髓的基础上融入现代设计元素。曾为G20峰会定制国礼蓝印花布作品。','省级非遗代表性传承人、全国工艺美术优秀创作奖、江苏省民间文艺最高奖"山花奖"',1,'2025-01-05 09:30:00','2025-01-05 09:30:00'),
(2,3,'市级非遗传承人',3,9,28,'1997年进入苏州刺绣研究所学习，师从著名刺绣大师顾文霞。2005年成立个人刺绣工作室"锦绣阁"。2012年被评为市级非遗传承人。2018年作品《千里江山图》被中国国家博物馆收藏。多次受邀参加国内外艺术展览。','苏绣、双面绣、乱针绣、工笔花鸟绣','["百鸟朝凤双面绣屏风","牡丹图团扇","千里江山图长卷刺绣","荷塘月色双面绣"]','李秀芳，女，1980年生于江苏苏州，自幼跟随母亲学习刺绣，后入苏州刺绣研究所深造。从艺28年，擅长双面绣和乱针绣技法，作品融合传统与现代审美。','市级非遗代表性传承人、江苏省工艺美术名人、苏州市十佳民间艺人',1,'2025-01-08 10:00:00','2025-01-08 10:00:00'),
(3,4,'省级非遗传承人',2,10,40,'1985年进入景德镇陶瓷厂学徒，师从高级工艺美术师王锡良。1993年创办"德厚窑"陶瓷工作室。2000年获中国陶瓷艺术大师称号。2008年被授予省级非遗传承人称号。2015年作品入选米兰世博会中国馆展览。','青花瓷、粉彩瓷、拉坯成型、高温颜色釉','["青花山水大瓶","粉彩花鸟茶具套装","仿古青花瓷盘","窑变釉观音瓶"]','王德厚，男，1970年生于江西景德镇，陶瓷世家第四代传人。从艺40年，精通景德镇传统72道制瓷工序，尤擅青花绘制与粉彩技法。作品被多家博物馆收藏。','省级非遗代表性传承人、中国陶瓷艺术大师、景德镇市突出贡献人才',1,'2025-01-12 14:00:00','2025-01-12 14:00:00');

-- 5. 师徒关系
INSERT INTO `master_apprentice_relation` (`id`,`master_id`,`apprentice_id`,`heritage_project_id`,`apply_reason`,`status`,`apply_time`,`approve_time`,`created_at`,`updated_at`) VALUES
(1,2,5,1,'从小对蓝印花布印染技艺有浓厚兴趣，在大学期间选修了相关课程并写了毕业论文，希望跟随张师傅系统学习传统印染工艺。',1,'2025-02-01 10:00:00','2025-02-03 15:00:00','2025-02-01 10:00:00','2025-02-03 15:00:00'),
(2,2,6,1,'大学期间学习过染织设计专业，对传统蓝印花布工艺深感敬佩，希望在张师傅指导下深入学习传统技艺。',1,'2025-02-05 09:00:00','2025-02-07 11:00:00','2025-02-05 09:00:00','2025-02-07 11:00:00'),
(3,3,7,3,'自幼喜爱刺绣，跟随外婆学过基础针法。希望跟随李师傅学习苏绣精湛技法，将这门传统艺术发扬光大。',1,'2025-02-10 14:00:00','2025-02-12 10:00:00','2025-02-10 14:00:00','2025-02-12 10:00:00'),
(4,3,8,3,'美术专业毕业，对刺绣艺术有独特的理解和追求，曾在市级刺绣比赛获得银奖，希望能在李师傅门下深造。',1,'2025-02-15 11:00:00','2025-02-17 09:00:00','2025-02-15 11:00:00','2025-02-17 09:00:00'),
(5,4,9,2,'景德镇陶瓷大学在读研究生，研究方向为传统青花瓷工艺，渴望在王师傅指导下进行实践。',1,'2025-02-20 10:00:00','2025-02-22 14:00:00','2025-02-20 10:00:00','2025-02-22 14:00:00'),
(6,4,10,2,'来自陶瓷之乡，从小耳濡目染，父亲也是制瓷手艺人，希望跟随王师傅系统学习制瓷全工序。',1,'2025-02-25 09:30:00','2025-02-27 16:00:00','2025-02-25 09:30:00','2025-02-27 16:00:00'),
(7,2,11,1,'对非遗文化保护有强烈使命感，新闻传播专业在读，希望通过拜师学习蓝印花布技艺，为非遗纪录片拍摄积累素材。',0,'2025-03-10 08:00:00',NULL,'2025-03-10 08:00:00','2025-03-10 08:00:00'),
(8,3,12,3,'从小对针线活有天赋，在全国大学生手工艺比赛中获得一等奖，立志成为新一代苏绣传承人。',0,'2025-03-12 10:00:00',NULL,'2025-03-12 10:00:00','2025-03-12 10:00:00'),
(9,2,8,1,'曾对蓝印花布产生兴趣但后来选择了刺绣方向。',2,'2025-01-20 09:00:00','2025-01-22 11:00:00','2025-01-20 09:00:00','2025-01-22 11:00:00');

-- 6. 教学任务
INSERT INTO `teaching_task` (`id`,`title`,`description`,`master_id`,`apprentice_id`,`heritage_project_id`,`skill_category_id`,`deadline`,`status`,`created_at`,`updated_at`) VALUES
(1,'蓝印花布基础图案刻版学习','学习蓝印花布传统图案的刻版技术，包括花卉、动物、几何等常见图案的构图方法和刻版要领。要求每位徒弟完成至少3种不同风格的图案刻版练习。重点掌握刻刀的运用角度和力度控制。',2,NULL,1,13,'2025-04-01 23:59:59',1,'2025-02-10 08:00:00','2025-02-10 08:00:00'),
(2,'传统染料配制与色彩控制','学习使用天然植物靛蓝染料的配制方法，掌握不同浓度下的色彩深浅变化规律。要求记录完整的实验数据，包括温度、浓度、浸泡时间对色彩效果的影响。',2,5,1,13,'2025-04-15 23:59:59',0,'2025-02-20 10:00:00','2025-02-20 10:00:00'),
(3,'苏绣基础针法练习','系统学习平绣、齐针、套针、施针等基础针法，每种针法完成一个10cm*10cm的练习作品，并记录学习心得。要求针脚均匀、线条流畅。',3,NULL,3,9,'2025-03-30 23:59:59',1,'2025-02-15 09:00:00','2025-02-15 09:00:00'),
(4,'双面绣入门技法','在掌握基础针法后，学习双面绣的起针、转针、藏针等核心技法，完成一幅简单的双面绣小品（花卉主题）。要求正反两面图案一致，针脚藏于布中。',3,8,3,9,'2025-05-01 23:59:59',0,'2025-03-01 14:00:00','2025-03-01 14:00:00'),
(5,'拉坯基本功训练','学习景德镇传统拉坯技艺，从揉泥、定中心、开孔、拉筒到成型。每人完成碗、杯、瓶三种基本器型各5件。重点训练手感和泥性理解。',4,NULL,2,10,'2025-04-20 23:59:59',1,'2025-03-01 08:00:00','2025-03-01 08:00:00'),
(6,'青花绘制技法学习','学习传统青花瓷的绘制技法，包括分水、勾线、染色等。要求在素坯上完成一组传统花鸟纹样的绘制。掌握青花料的调配和运笔技巧。',4,10,2,10,'2025-05-15 23:59:59',0,'2025-03-15 10:00:00','2025-03-15 10:00:00'),
(7,'蓝印花布成品制作','综合运用刻版、调浆、刮浆、染色、刮白等完整工序，独立完成一件蓝印花布桌布的制作。这是对前期学习成果的综合检验。',2,6,1,13,'2025-06-01 23:59:59',0,'2025-03-20 09:00:00','2025-03-20 09:00:00'),
(8,'乱针绣创新实践','在传统乱针绣基础上，融入个人创意，以风景或人物为主题，完成一幅不小于30cm*40cm的创新绣品。鼓励大胆尝试色彩搭配和针法创新。',3,7,3,9,'2025-06-15 23:59:59',0,'2025-03-25 11:00:00','2025-03-25 11:00:00'),
(9,'窑炉温度控制实践','学习景德镇传统柴窑烧制的温度控制技术，了解不同温度段对瓷器釉面的影响，记录烧窑全过程数据。掌握还原焰和氧化焰的运用。',4,9,2,10,'2025-06-30 23:59:59',0,'2025-04-01 08:00:00','2025-04-01 08:00:00'),
(10,'非遗文化调研报告','走访当地非遗传承人，收集口述历史资料，撰写一篇不少于3000字的非遗文化调研报告。要求有实地走访照片和录音记录。',2,NULL,1,13,'2025-05-01 23:59:59',0,'2025-03-10 09:00:00','2025-03-10 09:00:00'),
(11,'苏绣配色方案设计','根据苏绣传统配色原理，设计3套不同主题的配色方案（春花/秋叶/山水），每套方案需包含主色、辅色、点缀色的搭配说明。',3,8,3,9,'2025-05-30 23:59:59',0,'2025-04-01 09:00:00','2025-04-01 09:00:00'),
(12,'传统釉料调配实验','学习景德镇传统釉料的组成成分和调配方法，记录不同配比下的釉面效果，完成实验报告。重点研究青白釉和影青釉。',4,10,2,10,'2025-07-15 23:59:59',0,'2025-04-15 10:00:00','2025-04-15 10:00:00');

-- 7. 任务提交
INSERT INTO `task_submission` (`id`,`task_id`,`apprentice_id`,`content`,`file_url`,`status`,`master_comment`,`score`,`submit_time`,`review_time`,`created_at`,`updated_at`) VALUES
(1,1,5,'完成了牡丹花、蝴蝶和万字纹三种图案的刻版练习。刻版过程中深刻体会到力道控制的重要性，特别是在弧线部分需要一气呵成。','/uploads/submissions/sub_001.jpg',2,'刻版基本功扎实，线条流畅度需要加强。牡丹花的花瓣层次感可以再丰富一些，建议参考明代蓝印花布的经典图样。继续保持学习热情！',85,'2025-03-01 16:00:00','2025-03-03 10:00:00','2025-03-01 16:00:00','2025-03-03 10:00:00'),
(2,1,6,'完成了梅花、喜鹊和回纹三种图案的刻版。梅花的枝干走势比较满意，但喜鹊的羽毛细节处理还需改进，刻刀角度还不够灵活。','/uploads/submissions/sub_002.jpg',2,'构图大气，对传统纹样理解到位。喜鹊的羽毛建议参考宋代花鸟画的处理手法。整体进步明显，期待下一阶段的练习！',88,'2025-03-05 14:30:00','2025-03-07 09:00:00','2025-03-05 14:30:00','2025-03-07 09:00:00'),
(3,3,7,'完成了平绣和齐针两种针法的练习作品。平绣比较顺利，但齐针的针脚均匀度还需加强，手感还在磨合中。','/uploads/submissions/sub_003.jpg',2,'平绣掌握得不错，线条整齐。齐针练习中注意保持每一针的间距一致，建议每天坚持1小时针法练习，形成肌肉记忆。',82,'2025-03-10 15:00:00','2025-03-12 11:00:00','2025-03-10 15:00:00','2025-03-12 11:00:00'),
(4,3,8,'四种基础针法的练习作品全部完成。个人觉得施针最难，容易出现针脚不规则的情况。不过套针的效果比较满意。','/uploads/submissions/sub_004.jpg',2,'进度很快，四种针法全部完成值得表扬！施针确实是难点，建议用细线在薄布上反复练习。你的美术功底对配色很有帮助。',90,'2025-03-08 10:00:00','2025-03-10 14:00:00','2025-03-08 10:00:00','2025-03-10 14:00:00'),
(5,5,9,'完成了5个碗和5个杯的拉坯练习。拉坯时泥料的含水量控制是最大的难点，有几件作品因泥太软而坍塌变形。','/uploads/submissions/sub_005.jpg',2,'拉坯功底不错，器型基本规整。注意揉泥时要把气泡排尽，含水量要根据季节和室温调整。瓶的练习要加快进度。',80,'2025-03-20 16:00:00','2025-03-22 10:00:00','2025-03-20 16:00:00','2025-03-22 10:00:00'),
(6,5,10,'三种器型各完成了5件。碗和杯的成功率较高，瓶的口部处理需要加强，容易出现不圆的情况。附上练习照片记录。','/uploads/submissions/sub_006.jpg',1,NULL,NULL,'2025-03-25 11:00:00',NULL,'2025-03-25 11:00:00','2025-03-25 11:00:00'),
(7,2,5,'记录了不同浓度靛蓝染料的配制过程和上色效果对比。发现温度对染色效果有显著影响，低温出色偏淡，高温出色偏深。附实验数据表。','/uploads/submissions/sub_007.pdf',0,NULL,NULL,'2025-04-01 10:00:00',NULL,'2025-04-01 10:00:00','2025-04-01 10:00:00'),
(8,10,5,'走访了南通地区3位蓝印花布传承人，收集了大量一手口述资料。王奶奶92岁，是目前年龄最大的传承人，她讲述了40年代蓝印花布的染制细节。完成了调研报告初稿。','/uploads/submissions/sub_008.pdf',0,NULL,NULL,'2025-04-10 14:00:00',NULL,'2025-04-10 14:00:00','2025-04-10 14:00:00'),
(9,2,6,'完成了5组不同浓度的染料配制实验。最大发现是加入少量米醋可以增加色牢度。同时记录了浸泡30分钟到4小时的色彩渐变效果。','/uploads/submissions/sub_009.pdf',0,NULL,NULL,'2025-04-05 14:00:00',NULL,'2025-04-05 14:00:00','2025-04-05 14:00:00'),
(10,4,7,'完成了一幅小型双面绣作品——兰花。正面为盛开的兰花，背面为含苞待放。藏针还不够熟练，有几处可以看到线头。','/uploads/submissions/sub_010.jpg',0,NULL,NULL,'2025-04-15 11:00:00',NULL,'2025-04-15 11:00:00','2025-04-15 11:00:00');

-- 8. 学习材料
INSERT INTO `learning_material` (`id`,`title`,`description`,`file_url`,`file_type`,`file_size`,`task_id`,`uploader_id`,`heritage_project_id`,`created_at`,`updated_at`) VALUES
(1,'蓝印花布传统图案集','收录了100多种蓝印花布经典图案，包含花卉、动物、人物、几何纹样等分类，每个图案附有尺寸标注。','/uploads/materials/mat_001.pdf','PDF',15728640,1,2,1,'2025-02-10 08:30:00','2025-02-10 08:30:00'),
(2,'刻版工具使用指南','详细介绍了刻版刀、油纸板、浆料等工具的使用方法、保养技巧和常见问题处理。','/uploads/materials/mat_002.pdf','PDF',5242880,1,2,1,'2025-02-10 08:45:00','2025-02-10 08:45:00'),
(3,'天然靛蓝染料配制手册','记录传统靛蓝染料的配制方法、不同浓度色彩效果、温度与时间的控制要领，附实验数据。','/uploads/materials/mat_003.pdf','PDF',8388608,2,2,1,'2025-02-20 10:30:00','2025-02-20 10:30:00'),
(4,'苏绣基础针法教学视频','李师傅亲自示范平绣、齐针、套针、施针四种基础针法的操作要领，含慢动作回放。','/uploads/materials/mat_004.mp4','VIDEO',524288000,3,3,3,'2025-02-15 09:30:00','2025-02-15 09:30:00'),
(5,'苏绣配色指南','介绍苏绣传统配色方案和丝线选择方法，含50组经典配色组合，附色卡对照表。','/uploads/materials/mat_005.pdf','PDF',10485760,3,3,3,'2025-02-15 10:00:00','2025-02-15 10:00:00'),
(6,'双面绣技法详解','详细讲解双面绣核心技法：起针不留痕、转针无接头、藏针无断线，图文并茂。','/uploads/materials/mat_006.pdf','PDF',12582912,4,3,3,'2025-03-01 14:30:00','2025-03-01 14:30:00'),
(7,'景德镇传统拉坯教程','王师傅录制的拉坯全流程教学视频，从揉泥到成型的完整演示，含碗杯瓶三种器型。','/uploads/materials/mat_007.mp4','VIDEO',734003200,5,4,2,'2025-03-01 08:30:00','2025-03-01 08:30:00'),
(8,'青花瓷绘制技法图解','包含分水、勾线、染色三大技法的图文详解，附历代经典青花纹样赏析和临摹范本。','/uploads/materials/mat_008.pdf','PDF',20971520,6,4,2,'2025-03-15 10:30:00','2025-03-15 10:30:00'),
(9,'非遗项目申报指南','整理了国家级、省级非遗项目的申报流程、条件与注意事项，含成功案例分析。','/uploads/materials/mat_009.pdf','PDF',3145728,NULL,2,1,'2025-02-01 09:00:00','2025-02-01 09:00:00'),
(10,'传统手工艺品鉴赏教材','系统介绍了中国十大传统手工艺的发展历程、工艺特点与鉴赏方法。','/uploads/materials/mat_010.pdf','PDF',41943040,NULL,4,2,'2025-01-20 10:00:00','2025-01-20 10:00:00'),
(11,'蓝印花布历史演变图册','从宋代到现代蓝印花布的演变历程，收录珍贵历史照片200余幅。','/uploads/materials/mat_011.pdf','PDF',52428800,NULL,2,1,'2025-02-05 09:00:00','2025-02-05 09:00:00'),
(12,'苏绣丝线材料手册','介绍苏绣常用的各种丝线材料的特性、适用针法及保存方法。','/uploads/materials/mat_012.pdf','PDF',6291456,3,3,3,'2025-02-16 10:00:00','2025-02-16 10:00:00');

-- 9. 作品（每件配独立图片）
INSERT INTO `artwork` (`id`,`title`,`description`,`apprentice_id`,`master_id`,`heritage_project_id`,`skill_category_id`,`image_urls`,`video_url`,`status`,`created_at`,`updated_at`) VALUES
(1,'春归蓝印花布围巾','以春天回归为主题，采用传统蓝印花布工艺制作的围巾。图案以燕子归巢和桃花盛开为主要元素，寓意春回大地。特意选用老棉布为底料。',5,2,1,13,'https://picsum.photos/seed/art01/400/300',NULL,2,'2025-03-15 14:00:00','2025-03-18 10:00:00'),
(2,'蓝印花布茶席套装','运用传统蓝印花布技艺制作的茶席套装，包含茶垫、杯垫和壶承三件套。图案选用莲花与荷叶，体现茶道清雅之韵。',6,2,1,13,'https://picsum.photos/seed/art02/400/300',NULL,2,'2025-03-20 10:00:00','2025-03-22 15:00:00'),
(3,'牡丹蝴蝶苏绣团扇','以传统工笔画风格绣制的牡丹蝴蝶团扇，采用平绣与套针相结合的技法，色彩层次丰富。耗时约120小时完成。',7,3,3,9,'https://picsum.photos/seed/art03/400/300',NULL,2,'2025-03-25 11:00:00','2025-03-28 09:00:00'),
(4,'锦鲤戏水双面绣小品','初次尝试双面绣技法的习作，以锦鲤戏水为主题。正面为全景，背面为局部特写。虽有不足但已初具双面绣神韵。',8,3,3,9,'https://picsum.photos/seed/art04/400/300',NULL,1,'2025-03-30 14:00:00','2025-03-30 14:00:00'),
(5,'青花瓷茶杯组','在王师傅指导下完成的第一组青花瓷茶杯，采用传统缠枝莲纹装饰，釉面温润，花色清雅。一套四杯，个个精心绘制。',9,4,2,10,'https://picsum.photos/seed/art05/400/300',NULL,2,'2025-04-01 10:00:00','2025-04-03 14:00:00'),
(6,'粉彩花鸟小瓶','练习粉彩技法的习作，以喜鹊登梅为题材，釉上彩绘制而成。色彩搭配已初显功力，但渐变过渡需提升。',10,4,2,10,'https://picsum.photos/seed/art06/400/300',NULL,1,'2025-04-05 15:00:00','2025-04-05 15:00:00'),
(7,'蓝印花布手提袋','将传统蓝印花布与现代手提袋设计结合，图案采用传统万字纹和祥云纹，实用与美观兼备。参加了校园文创市集。',5,2,1,13,'https://picsum.photos/seed/art07/400/300',NULL,1,'2025-04-10 09:00:00','2025-04-10 09:00:00'),
(8,'梅花三弄苏绣挂画','以梅花为主题的苏绣挂画，运用了乱针绣技法表现梅花的枝干质感，是一次大胆的技法创新尝试。',7,3,3,9,'https://picsum.photos/seed/art08/400/300',NULL,0,'2025-04-12 16:00:00','2025-04-12 16:00:00'),
(9,'仿古青花瓷盘','参考元代青花瓷经典纹样，在30cm瓷盘上绘制的仿古青花作品。青料发色浓艳，线条遒劲有力。',9,4,2,10,'https://picsum.photos/seed/art09/400/300',NULL,1,'2025-04-15 10:00:00','2025-04-15 10:00:00'),
(10,'蓝印花布抱枕','以鱼戏莲为主题的蓝印花布抱枕，表达年年有余的美好寓意。使用天然棉料填充。',6,2,1,13,'https://picsum.photos/seed/art10/400/300',NULL,0,'2025-04-18 11:00:00','2025-04-18 11:00:00'),
(11,'百蝶穿花苏绣屏风','耗时三个月完成的大型苏绣作品，描绘了百只蝴蝶在花丛中穿梭的场景。运用了十余种针法。',8,3,3,9,'https://picsum.photos/seed/art11/400/300',NULL,2,'2025-04-20 14:00:00','2025-04-25 10:00:00'),
(12,'青花瓷笔筒','采用传统山水题材绘制的青花瓷笔筒，表现了"渔舟唱晚"的意境。',9,4,2,10,'https://picsum.photos/seed/art12/400/300',NULL,2,'2025-04-22 09:00:00','2025-04-26 11:00:00'),
(13,'蓝印花布书衣','用蓝印花布制作的线装书封面，图案选用传统"福禄寿"纹样，将传统印染与装帧艺术结合。',5,2,1,13,'https://picsum.photos/seed/art13/400/300',NULL,2,'2025-04-25 10:00:00','2025-04-28 09:00:00'),
(14,'荷塘清趣苏绣扇面','以荷塘为主题的苏绣扇面，细腻表现了荷花、荷叶、蜻蜓等元素。运用了渐变色套针技法。',7,3,3,9,'https://picsum.photos/seed/art14/400/300',NULL,1,'2025-04-28 15:00:00','2025-04-28 15:00:00'),
(15,'窑变釉花瓶','尝试窑变釉烧制技法的作品，釉面呈现出意想不到的蓝紫渐变效果，被王师傅赞为"窑宝"。',10,4,2,10,'https://picsum.photos/seed/art15/400/300',NULL,2,'2025-05-01 10:00:00','2025-05-05 14:00:00');

-- 10. 作品点评
INSERT INTO `artwork_review` (`id`,`artwork_id`,`reviewer_id`,`content`,`score`,`created_at`,`updated_at`) VALUES
(1,1,2,'整体构图合理，燕子的形态生动，桃花的色彩渲染自然。在刻版线条的粗细变化上可以更加大胆，让图案更有层次感。作为初期作品已经很不错了！',88,'2025-03-18 10:00:00','2025-03-18 10:00:00'),
(2,2,2,'茶席套装的设计理念很好，莲花荷叶的图案与茶道文化非常契合。蓝白色调的深浅过渡需要更加细腻，建议多研究传统蓝印花布的层次表现技法。',85,'2025-03-22 15:00:00','2025-03-22 15:00:00'),
(3,3,3,'构图饱满，配色雅致，牡丹的花瓣层次感处理得很好。蝴蝶翅膀的渐变色可以再细腻一些，建议用套针技法来增强色彩过渡效果。同期最佳作品。',90,'2025-03-28 09:00:00','2025-03-28 09:00:00'),
(4,5,4,'杯型规整，拉坯功底扎实。缠枝莲纹的绘制线条流畅，分水均匀。建议在口沿和足部的处理上再精细一些，这是判断瓷器品质的关键细节。',86,'2025-04-03 14:00:00','2025-04-03 14:00:00'),
(5,1,2,'追加点评：围巾的整体色牢度测试合格，洗涤后不褪色。建议下次注意浆料涂抹的均匀度，局部有轻微渗色。',88,'2025-03-25 09:00:00','2025-03-25 09:00:00'),
(6,3,3,'再次审阅作品，花瓣的针脚密度非常均匀，这在初学者中非常难得。建议下一步可以尝试更复杂的题材，如山水或人物。',92,'2025-04-01 10:00:00','2025-04-01 10:00:00'),
(7,5,4,'追加点评：经过高温烧制后釉面光滑无瑕疵，说明温度控制得当。建议尝试更大器型的制作。',88,'2025-04-10 09:00:00','2025-04-10 09:00:00'),
(8,11,3,'百蝶穿花的构图大气磅礴，每只蝴蝶形态各异，显示出扎实的造型功底。色彩和谐统一，多种针法的运用炉火纯青。是目前为止最优秀的作品。',95,'2025-04-25 10:00:00','2025-04-25 10:00:00'),
(9,12,4,'笔筒的器型端正，青花发色纯正。山水画面的构图有古韵，远山近水的层次感处理得很好。可以在细节上再精雕细琢。',87,'2025-04-26 11:00:00','2025-04-26 11:00:00'),
(10,13,2,'书衣的创意很好，将蓝印花布与传统装帧结合是一个很有前景的方向。工艺细节到位，建议多尝试不同的纹样搭配。',89,'2025-04-28 09:00:00','2025-04-28 09:00:00'),
(11,15,4,'窑变釉的效果出人意料地好！蓝紫渐变自然流畅，说明对窑温的把控有了很大进步。这件作品值得好好收藏。',93,'2025-05-05 14:00:00','2025-05-05 14:00:00');

-- 11. 成长记录
INSERT INTO `growth_record` (`id`,`apprentice_id`,`record_type`,`title`,`description`,`related_id`,`related_type`,`created_at`) VALUES
(1,5,'MILESTONE','正式拜师','正式成为张明远师傅的徒弟，开始学习蓝印花布印染技艺。',1,'RELATION','2025-02-03 15:00:00'),
(2,6,'MILESTONE','正式拜师','正式成为张明远师傅的徒弟，开始学习蓝印花布印染技艺。',2,'RELATION','2025-02-07 11:00:00'),
(3,7,'MILESTONE','正式拜师','正式成为李秀芳师傅的徒弟，开始学习苏州刺绣。',3,'RELATION','2025-02-12 10:00:00'),
(4,8,'MILESTONE','正式拜师','正式成为李秀芳师傅的徒弟，开始学习苏州刺绣。',4,'RELATION','2025-02-17 09:00:00'),
(5,9,'MILESTONE','正式拜师','正式成为王德厚师傅的徒弟，开始学习景德镇制瓷技艺。',5,'RELATION','2025-02-22 14:00:00'),
(6,10,'MILESTONE','正式拜师','正式成为王德厚师傅的徒弟，开始学习景德镇制瓷技艺。',6,'RELATION','2025-02-27 16:00:00'),
(7,5,'TASK_COMPLETE','完成刻版学习任务','完成蓝印花布基础图案刻版学习任务，获得85分。',1,'TASK_SUBMISSION','2025-03-03 10:00:00'),
(8,6,'TASK_COMPLETE','完成刻版学习任务','完成蓝印花布基础图案刻版学习任务，获得88分。',2,'TASK_SUBMISSION','2025-03-07 09:00:00'),
(9,7,'TASK_COMPLETE','完成基础针法练习','完成苏绣基础针法练习任务，获得82分。',3,'TASK_SUBMISSION','2025-03-12 11:00:00'),
(10,8,'TASK_COMPLETE','完成基础针法练习','完成苏绣基础针法练习任务，获得90分优秀成绩。',4,'TASK_SUBMISSION','2025-03-10 14:00:00'),
(11,9,'TASK_COMPLETE','完成拉坯基本功训练','完成景德镇传统拉坯基本功训练，获得80分。',5,'TASK_SUBMISSION','2025-03-22 10:00:00'),
(12,5,'ARTWORK_SUBMIT','提交作品：春归蓝印花布围巾','完成并提交了第一件蓝印花布作品。',1,'ARTWORK','2025-03-15 14:00:00'),
(13,5,'ARTWORK_REVIEWED','作品获得师傅点评','春归蓝印花布围巾获得张师傅点评，评分88分。',1,'ARTWORK','2025-03-18 10:00:00'),
(14,6,'ARTWORK_SUBMIT','提交作品：蓝印花布茶席套装','完成并提交蓝印花布茶席套装。',2,'ARTWORK','2025-03-20 10:00:00'),
(15,7,'ARTWORK_SUBMIT','提交作品：牡丹蝴蝶苏绣团扇','完成并提交第一幅苏绣作品——牡丹蝴蝶团扇。',3,'ARTWORK','2025-03-25 11:00:00'),
(16,7,'ARTWORK_REVIEWED','作品获得师傅高评','牡丹蝴蝶苏绣团扇获得李师傅点评，评分90分。',3,'ARTWORK','2025-03-28 09:00:00'),
(17,9,'ARTWORK_SUBMIT','提交作品：青花瓷茶杯组','完成并提交第一组青花瓷作品。',5,'ARTWORK','2025-04-01 10:00:00'),
(18,9,'ARTWORK_REVIEWED','作品获得师傅点评','青花瓷茶杯组获得王师傅点评，评分86分。',5,'ARTWORK','2025-04-03 14:00:00'),
(19,5,'COURSE_JOIN','参加非遗文化公开讲座','参加了由文化馆组织的非遗文化公开讲座。',1,'ACTIVITY','2025-03-15 09:00:00'),
(20,7,'COURSE_JOIN','参加苏绣艺术展览','参加了苏州刺绣艺术展览。',2,'ACTIVITY','2025-04-05 10:00:00'),
(21,6,'ARTWORK_REVIEWED','作品获得师傅点评','蓝印花布茶席套装获得张师傅点评，评分85分。',2,'ARTWORK','2025-03-22 15:00:00'),
(22,10,'TASK_COMPLETE','完成拉坯练习提交','提交了三种器型各5件的拉坯练习成果。',6,'TASK_SUBMISSION','2025-03-25 11:00:00'),
(23,5,'MILESTONE','首次独立完成成品','独立完成第一件蓝印花布围巾成品，标志着从学徒到初级工匠的蜕变。',1,'ARTWORK','2025-03-18 10:30:00'),
(24,7,'MILESTONE','获得师傅高度评价','牡丹蝴蝶苏绣团扇获得90分优秀评分，被誉为同期最佳作品。',3,'ARTWORK','2025-03-28 09:30:00'),
(25,9,'MILESTONE','完成首组瓷器作品','成功烧制第一组青花瓷茶杯，釉面完整，标志着制瓷技艺的初步掌握。',5,'ARTWORK','2025-04-03 15:00:00'),
(26,8,'ARTWORK_SUBMIT','提交作品：百蝶穿花苏绣屏风','完成大型苏绣屏风作品。',11,'ARTWORK','2025-04-20 14:00:00'),
(27,8,'ARTWORK_REVIEWED','获得95分最高评分','百蝶穿花苏绣屏风获得李师傅95分最高评价。',11,'ARTWORK','2025-04-25 10:00:00'),
(28,8,'MILESTONE','获得最高评分纪录','百蝶穿花苏绣屏风以95分创下系统最高评分纪录。',11,'ARTWORK','2025-04-25 10:30:00'),
(29,9,'ARTWORK_SUBMIT','提交作品：青花瓷笔筒','完成山水题材青花瓷笔筒。',12,'ARTWORK','2025-04-22 09:00:00'),
(30,5,'ARTWORK_SUBMIT','提交作品：蓝印花布书衣','创新性地将蓝印花布与传统装帧结合。',13,'ARTWORK','2025-04-25 10:00:00'),
(31,10,'ARTWORK_SUBMIT','提交作品：窑变釉花瓶','窑变釉花瓶获王师傅赞为"窑宝"。',15,'ARTWORK','2025-05-01 10:00:00'),
(32,10,'ARTWORK_REVIEWED','窑变釉获93分高评','窑变釉花瓶获王师傅93分高分评价。',15,'ARTWORK','2025-05-05 14:00:00');

-- 12. 活动课程
INSERT INTO `activity` (`id`,`title`,`description`,`content`,`cover_url`,`location`,`start_time`,`end_time`,`max_participants`,`current_participants`,`heritage_project_id`,`status`,`publisher_id`,`created_at`,`updated_at`) VALUES
(1,'非遗文化公开讲座：蓝印花布的前世今生','邀请国家级非遗传承人讲述蓝印花布的历史渊源、工艺特色与当代价值。','本次讲座将从以下几个方面展开：\n1. 蓝印花布的历史沿革（明清至今）\n2. 传统印染工艺流程详解\n3. 蓝印花布图案的文化内涵\n4. 传统技艺的现代创新应用\n5. 互动问答与现场体验','https://picsum.photos/seed/act01/800/400','南通非遗展览馆报告厅','2025-03-15 09:00:00','2025-03-15 12:00:00',50,35,1,2,1,'2025-02-28 10:00:00','2025-03-15 12:00:00'),
(2,'苏绣艺术展览：针尖上的诗画','展出苏州刺绣研究所及民间传承人的精品苏绣作品，含现场刺绣演示。','展览内容包括：\n- 历代苏绣精品50余幅\n- 双面绣、乱针绣等技法演示\n- 苏绣与现代时尚的融合作品\n- 现场体验区（免费提供材料）','https://picsum.photos/seed/act02/800/400','苏州丝绸博物馆','2025-04-05 10:00:00','2025-04-10 17:00:00',200,86,3,1,1,'2025-03-20 14:00:00','2025-04-05 10:00:00'),
(3,'景德镇陶瓷文化研学营','为期三天的景德镇陶瓷文化深度研学，体验从制泥到出窑的完整工序。','研学行程：\nDay 1：参观古窑民俗博览区，了解千年制瓷历史\nDay 2：亲手体验拉坯、画坯，在传承人指导下完成作品\nDay 3：参观现代陶瓷工厂，了解传统与现代的结合','https://picsum.photos/seed/act03/800/400','江西景德镇古窑民俗博览区','2025-05-01 08:00:00','2025-05-03 18:00:00',30,12,2,0,1,'2025-04-01 09:00:00','2025-04-01 09:00:00'),
(4,'非遗技艺体验日：走进传统手工艺','面向社会公众的非遗技艺体验活动，设置剪纸、蓝印花布、陶艺等多个体验区。','活动设置以下体验区：\n1. 剪纸体验区\n2. 蓝印花布体验区\n3. 陶艺体验区\n4. 刺绣体验区\n每人可选择2个体验区参与','https://picsum.photos/seed/act04/800/400','市文化活动中心','2025-04-20 09:00:00','2025-04-20 17:00:00',100,45,NULL,0,1,'2025-04-05 10:00:00','2025-04-05 10:00:00'),
(5,'非遗传承人座谈会','邀请多位非遗传承人分享传承经验，探讨非遗保护与数字化发展方向。','座谈主题：\n1. 师徒传承模式的现状与挑战\n2. 数字化技术在非遗保护中的应用\n3. 非遗产品的市场化探索\n4. 年轻一代传承人的培养路径','https://picsum.photos/seed/act05/800/400','文化馆三楼会议室','2025-05-15 14:00:00','2025-05-15 17:00:00',40,0,NULL,0,1,'2025-04-20 09:00:00','2025-04-20 09:00:00'),
(6,'蓝印花布创意设计大赛','面向所有学习蓝印花布技艺的徒弟，以"传统与创新"为主题的创意设计比赛。','比赛规则：\n1. 参赛作品须以传统蓝印花布工艺制作\n2. 鼓励融入现代设计元素\n3. 作品需附创作说明\n4. 由专家评审团评选金银铜奖','https://picsum.photos/seed/act06/800/400','线上提交 + 线下展览','2025-06-01 00:00:00','2025-06-30 23:59:59',50,0,1,0,1,'2025-05-01 10:00:00','2025-05-01 10:00:00'),
(7,'传统木雕工艺观摩学习','组织参观东阳木雕博物馆，近距离观摩国家级木雕大师的创作过程。','行程安排：\n上午：参观东阳木雕博物馆\n下午：观摩大师现场创作\n交流：与木雕传承人面对面交流','https://picsum.photos/seed/act07/800/400','浙江东阳木雕博物馆','2025-07-10 08:00:00','2025-07-10 17:00:00',25,0,4,0,1,'2025-06-01 09:00:00','2025-06-01 09:00:00'),
(8,'非遗进校园系列活动','组织非遗传承人走进中小学校园，向学生展示传统技艺，播撒非遗文化种子。','活动包括：\n1. 传承人技艺展示\n2. 学生互动体验\n3. 非遗文化小课堂\n4. 合影留念','https://picsum.photos/seed/act08/800/400','市第一中学多功能厅','2025-06-15 09:00:00','2025-06-15 16:00:00',150,0,NULL,0,1,'2025-05-15 10:00:00','2025-05-15 10:00:00');

-- 13. 活动参与
INSERT INTO `activity_participation` (`id`,`activity_id`,`user_id`,`status`,`created_at`,`updated_at`) VALUES
(1,1,5,1,'2025-03-05 10:00:00','2025-03-15 09:05:00'),
(2,1,6,1,'2025-03-06 14:00:00','2025-03-15 09:10:00'),
(3,1,7,0,'2025-03-07 09:00:00','2025-03-07 09:00:00'),
(4,2,7,1,'2025-03-25 10:00:00','2025-04-05 10:05:00'),
(5,2,8,0,'2025-03-26 11:00:00','2025-03-26 11:00:00'),
(6,3,9,0,'2025-04-10 09:00:00','2025-04-10 09:00:00'),
(7,3,10,0,'2025-04-11 10:00:00','2025-04-11 10:00:00'),
(8,4,5,0,'2025-04-10 08:00:00','2025-04-10 08:00:00'),
(9,4,7,0,'2025-04-12 14:00:00','2025-04-12 14:00:00'),
(10,4,9,0,'2025-04-13 09:00:00','2025-04-13 09:00:00'),
(11,1,9,2,'2025-03-08 10:00:00','2025-03-10 08:00:00'),
(12,2,5,0,'2025-03-28 09:00:00','2025-03-28 09:00:00'),
(13,2,9,0,'2025-03-29 10:00:00','2025-03-29 10:00:00'),
(14,4,6,0,'2025-04-14 11:00:00','2025-04-14 11:00:00'),
(15,4,8,0,'2025-04-15 09:00:00','2025-04-15 09:00:00'),
(16,3,5,0,'2025-04-12 09:00:00','2025-04-12 09:00:00'),
(17,3,6,0,'2025-04-13 10:00:00','2025-04-13 10:00:00');

-- 14. 公告
INSERT INTO `announcement` (`id`,`title`,`content`,`publisher_id`,`is_top`,`status`,`created_at`,`updated_at`) VALUES
(1,'关于非遗技艺师徒档案传承管理系统正式上线的通知','各位师傅、徒弟及相关工作人员：\n\n非遗技艺"师徒档案"传承管理系统已于2025年1月1日正式上线运行。该系统旨在通过数字化手段，规范师徒传承流程，留存学习过程数据，为非遗技艺的保护与传承提供有力支撑。\n\n请各位用户及时完善个人档案，如有使用问题请联系系统管理员。\n\n特此通知。',1,1,1,'2025-01-01 10:00:00','2025-01-01 10:00:00'),
(2,'2025年度非遗传承人培训计划发布','经过前期调研和专家论证，2025年度非遗传承人培训计划现已制定完成。\n\n1. 传统技艺基础培训（3-4月）\n2. 创新设计能力提升培训（5-6月）\n3. 非遗数字化保护技术培训（7-8月）\n4. 市场化运营实践培训（9-10月）\n\n详细课程安排将另行通知。',1,1,1,'2025-01-15 09:00:00','2025-01-15 09:00:00'),
(3,'系统维护通知','为提升系统性能和用户体验，系统将于2025年2月28日晚22:00-次日凌晨2:00进行维护升级。维护期间系统暂停服务。\n\n给您带来的不便，敬请谅解。',1,0,1,'2025-02-25 14:00:00','2025-02-25 14:00:00'),
(4,'关于规范师徒关系管理的通知','各位师傅：\n\n为确保师徒传承质量，现对师徒关系管理做如下规范：\n1. 每位师傅同时在带徒弟数量建议不超过5名\n2. 拜师申请须在7个工作日内审核\n3. 解除师徒关系需说明原因并经管理员确认\n4. 师傅应定期发布教学任务',1,0,1,'2025-03-01 10:00:00','2025-03-01 10:00:00'),
(5,'非遗技艺体验日活动报名开始','2025年"非遗技艺体验日"将于4月20日在市文化活动中心举办。\n\n报名方式：通过本系统"活动课程"模块在线报名\n报名截止：2025年4月15日\n名额有限，先到先得！',1,0,1,'2025-04-05 10:00:00','2025-04-05 10:00:00'),
(6,'关于提交年度非遗传承工作总结的通知','各位师傅：\n\n请于2025年12月31日前提交本年度非遗传承工作总结。\n\n总结请通过系统提交或发送至管理员邮箱。',1,0,0,'2025-04-15 09:00:00','2025-04-15 09:00:00'),
(7,'关于举办首届非遗技艺网络展览的通知','为扩大非遗技艺的传播影响力，系统将举办首届非遗技艺网络展览。\n\n展览时间：2025年7月1日-7月31日\n参展方式：通过系统上传作品\n\n优秀作品将在系统首页推荐展示',1,1,1,'2025-04-20 10:00:00','2025-04-20 10:00:00'),
(8,'师徒传承成果展示月活动启动','为展示非遗传承成果，激励师徒积极参与传承活动，特举办"师徒传承成果展示月"。\n\n活动期间将评选：\n- 最佳师傅奖（3名）\n- 最佳进步徒弟奖（5名）\n- 最佳作品奖（10名）',1,0,1,'2025-05-01 09:00:00','2025-05-01 09:00:00'),
(9,'关于加强非遗知识产权保护的通知','为保护传统技艺知识产权，现通知如下：\n\n1. 所有上传作品均受知识产权保护\n2. 未经作者同意不得擅自使用\n3. 系统已开通版权登记快捷通道\n4. 如发现侵权行为请及时举报',1,0,1,'2025-05-10 10:00:00','2025-05-10 10:00:00'),
(10,'端午节非遗文化特别活动预告','端午节期间将举办"指尖上的端午"非遗文化特别活动，包括：\n- 端午主题剪纸创作\n- 蓝印花布粽子香囊制作\n- 苏绣端午荷包体验\n\n活动详情即将发布！',1,1,1,'2025-05-20 09:00:00','2025-05-20 09:00:00');

-- 15. 审计日志
INSERT INTO `audit_log` (`id`,`user_id`,`username`,`operation`,`method`,`params`,`ip`,`result_status`,`error_msg`,`duration`,`created_at`) VALUES
(1,1,'admin','用户登录','POST /api/auth/login','{"username":"admin"}','192.168.1.100',1,NULL,45,'2025-01-01 08:00:00'),
(2,2,'master1','用户登录','POST /api/auth/login','{"username":"master1"}','192.168.1.101',1,NULL,38,'2025-01-05 09:30:00'),
(3,1,'admin','审核师傅档案','PUT /api/admin/master-profiles/1/audit','{"auditStatus":1}','192.168.1.100',1,NULL,120,'2025-01-06 10:00:00'),
(4,5,'apprentice1','申请拜师','POST /api/relations/apply','{"masterId":2}','192.168.1.105',1,NULL,88,'2025-02-01 10:00:00'),
(5,2,'master1','审核拜师申请','PUT /api/relations/1/approve','{"status":1}','192.168.1.101',1,NULL,95,'2025-02-03 15:00:00'),
(6,2,'master1','发布教学任务','POST /api/tasks','{"title":"蓝印花布基础图案刻版学习"}','192.168.1.101',1,NULL,156,'2025-02-10 08:00:00'),
(7,5,'apprentice1','提交学习成果','POST /api/submissions','{"taskId":1}','192.168.1.105',1,NULL,234,'2025-03-01 16:00:00'),
(8,2,'master1','点评徒弟作品','POST /api/artwork-reviews','{"artworkId":1,"score":88}','192.168.1.101',1,NULL,112,'2025-03-18 10:00:00'),
(9,1,'admin','发布活动','POST /api/activities','{"title":"非遗文化公开讲座"}','192.168.1.100',1,NULL,178,'2025-02-28 10:00:00'),
(10,1,'admin','发布公告','POST /api/announcements','{"title":"系统维护通知"}','192.168.1.100',1,NULL,67,'2025-02-25 14:00:00'),
(11,3,'master2','用户登录','POST /api/auth/login','{"username":"master2"}','192.168.1.102',1,NULL,42,'2025-01-08 10:00:00'),
(12,4,'master3','用户登录','POST /api/auth/login','{"username":"master3"}','192.168.1.103',1,NULL,39,'2025-01-12 14:00:00'),
(13,7,'apprentice3','提交作品','POST /api/artworks','{"title":"牡丹蝴蝶苏绣团扇"}','192.168.1.107',1,NULL,198,'2025-03-25 11:00:00'),
(14,3,'master2','点评作品','POST /api/artwork-reviews','{"artworkId":3,"score":90}','192.168.1.102',1,NULL,105,'2025-03-28 09:00:00'),
(15,9,'apprentice5','报名活动','POST /api/activities/3/participate','{}','192.168.1.109',1,NULL,56,'2025-04-10 09:00:00'),
(16,1,'admin','创建非遗项目','POST /api/heritage-projects','{"name":"宜兴紫砂陶制作技艺"}','192.168.1.100',1,NULL,134,'2025-01-06 00:00:00'),
(17,8,'apprentice4','提交作品','POST /api/artworks','{"title":"百蝶穿花苏绣屏风"}','192.168.1.108',1,NULL,210,'2025-04-20 14:00:00'),
(18,3,'master2','点评作品高分','POST /api/artwork-reviews','{"artworkId":11,"score":95}','192.168.1.102',1,NULL,98,'2025-04-25 10:00:00'),
(19,10,'apprentice6','提交作品','POST /api/artworks','{"title":"窑变釉花瓶"}','192.168.1.110',1,NULL,187,'2025-05-01 10:00:00'),
(20,4,'master3','点评窑变釉','POST /api/artwork-reviews','{"artworkId":15,"score":93}','192.168.1.103',1,NULL,102,'2025-05-05 14:00:00');
