-- ============================================================
-- 非遗技艺"师徒档案"传承管理系统 - 测试数据
-- ============================================================
-- 测试账号:
--   管理员: admin / admin123
--   师傅: master1 / 123456, master2 / 123456, master3 / 123456
--   徒弟: apprentice1 / 123456, apprentice2 / 123456 ... apprentice8 / 123456
-- ============================================================

USE heritage_archive;

SET NAMES utf8mb4;
SET CHARACTER_SET_CLIENT = utf8mb4;
SET CHARACTER_SET_RESULTS = utf8mb4;
SET CHARACTER_SET_CONNECTION = utf8mb4;

-- -----------------------------------------------------------
-- 1. 用户数据 (密码均为BCrypt加密)
-- admin123 -> $2a$10$N.ZOn9G6V.7UXKz3hS7X8u3nQa7f5KBzKfC3NjKQ3rTn7sRMZgNm2
-- 123456   -> $2a$10$EqKcp1WFKs7LFORXCI7cI.JC0.Rum568hGz7JgZxD3E4gGdGOJrDG
-- -----------------------------------------------------------
INSERT INTO `sys_user` (`id`, `username`, `password`, `real_name`, `avatar`, `phone`, `email`, `gender`, `role`, `status`, `created_at`, `updated_at`) VALUES
(1, 'admin', '$2a$10$N.ZOn9G6V.7UXKz3hS7X8u3nQa7f5KBzKfC3NjKQ3rTn7sRMZgNm2', '系统管理员', NULL, '13800000001', 'admin@heritage.com', 1, 'ADMIN', 1, '2025-01-01 08:00:00', '2025-01-01 08:00:00'),
(2, 'master1', '$2a$10$EqKcp1WFKs7LFORXCI7cI.JC0.Rum568hGz7JgZxD3E4gGdGOJrDG', '张明远', NULL, '13900001001', 'zhangmy@heritage.com', 1, 'MASTER', 1, '2025-01-05 09:30:00', '2025-01-05 09:30:00'),
(3, 'master2', '$2a$10$EqKcp1WFKs7LFORXCI7cI.JC0.Rum568hGz7JgZxD3E4gGdGOJrDG', '李秀芳', NULL, '13900001002', 'lixf@heritage.com', 2, 'MASTER', 1, '2025-01-08 10:00:00', '2025-01-08 10:00:00'),
(4, 'master3', '$2a$10$EqKcp1WFKs7LFORXCI7cI.JC0.Rum568hGz7JgZxD3E4gGdGOJrDG', '王德厚', NULL, '13900001003', 'wangdh@heritage.com', 1, 'MASTER', 1, '2025-01-12 14:00:00', '2025-01-12 14:00:00'),
(5, 'apprentice1', '$2a$10$EqKcp1WFKs7LFORXCI7cI.JC0.Rum568hGz7JgZxD3E4gGdGOJrDG', '陈小雨', NULL, '13700001001', 'chenxy@heritage.com', 2, 'APPRENTICE', 1, '2025-01-15 08:00:00', '2025-01-15 08:00:00'),
(6, 'apprentice2', '$2a$10$EqKcp1WFKs7LFORXCI7cI.JC0.Rum568hGz7JgZxD3E4gGdGOJrDG', '刘一凡', NULL, '13700001002', 'liuyf@heritage.com', 1, 'APPRENTICE', 1, '2025-01-18 09:00:00', '2025-01-18 09:00:00'),
(7, 'apprentice3', '$2a$10$EqKcp1WFKs7LFORXCI7cI.JC0.Rum568hGz7JgZxD3E4gGdGOJrDG', '赵美琳', NULL, '13700001003', 'zhaoml@heritage.com', 2, 'APPRENTICE', 1, '2025-02-01 10:30:00', '2025-02-01 10:30:00'),
(8, 'apprentice4', '$2a$10$EqKcp1WFKs7LFORXCI7cI.JC0.Rum568hGz7JgZxD3E4gGdGOJrDG', '孙浩然', NULL, '13700001004', 'sunhr@heritage.com', 1, 'APPRENTICE', 1, '2025-02-05 11:00:00', '2025-02-05 11:00:00'),
(9, 'apprentice5', '$2a$10$EqKcp1WFKs7LFORXCI7cI.JC0.Rum568hGz7JgZxD3E4gGdGOJrDG', '周雅琴', NULL, '13700001005', 'zhouyq@heritage.com', 2, 'APPRENTICE', 1, '2025-02-10 08:30:00', '2025-02-10 08:30:00'),
(10, 'apprentice6', '$2a$10$EqKcp1WFKs7LFORXCI7cI.JC0.Rum568hGz7JgZxD3E4gGdGOJrDG', '吴天逸', NULL, '13700001006', 'wuty@heritage.com', 1, 'APPRENTICE', 1, '2025-02-15 09:00:00', '2025-02-15 09:00:00'),
(11, 'apprentice7', '$2a$10$EqKcp1WFKs7LFORXCI7cI.JC0.Rum568hGz7JgZxD3E4gGdGOJrDG', '郑晓慧', NULL, '13700001007', 'zhengxh@heritage.com', 2, 'APPRENTICE', 1, '2025-03-01 10:00:00', '2025-03-01 10:00:00'),
(12, 'apprentice8', '$2a$10$EqKcp1WFKs7LFORXCI7cI.JC0.Rum568hGz7JgZxD3E4gGdGOJrDG', '黄文博', NULL, '13700001008', 'huangwb@heritage.com', 1, 'APPRENTICE', 1, '2025-03-05 08:00:00', '2025-03-05 08:00:00');

-- -----------------------------------------------------------
-- 2. 技艺类别数据
-- -----------------------------------------------------------
INSERT INTO `skill_category` (`id`, `name`, `parent_id`, `sort_order`, `description`, `created_at`, `updated_at`) VALUES
(1, '传统美术', NULL, 1, '包括中国画、书法、剪纸、年画、刺绣等', '2025-01-01 00:00:00', '2025-01-01 00:00:00'),
(2, '传统技艺', NULL, 2, '包括陶瓷、织染、漆艺、雕刻、编结等', '2025-01-01 00:00:00', '2025-01-01 00:00:00'),
(3, '传统音乐', NULL, 3, '包括民歌、器乐、戏曲音乐等', '2025-01-01 00:00:00', '2025-01-01 00:00:00'),
(4, '传统舞蹈', NULL, 4, '包括民间舞蹈、宫廷舞蹈等', '2025-01-01 00:00:00', '2025-01-01 00:00:00'),
(5, '传统戏剧', NULL, 5, '包括京剧、昆曲、豫剧、越剧等', '2025-01-01 00:00:00', '2025-01-01 00:00:00'),
(6, '传统医药', NULL, 6, '包括中医、针灸、正骨等', '2025-01-01 00:00:00', '2025-01-01 00:00:00'),
(7, '民俗', NULL, 7, '包括节日习俗、礼仪、信仰等', '2025-01-01 00:00:00', '2025-01-01 00:00:00'),
(8, '剪纸', 1, 1, '传统剪纸艺术', '2025-01-01 00:00:00', '2025-01-01 00:00:00'),
(9, '刺绣', 1, 2, '各地刺绣工艺，含苏绣、湘绣、蜀绣、粤绣', '2025-01-01 00:00:00', '2025-01-01 00:00:00'),
(10, '陶瓷烧制', 2, 1, '传统陶瓷制作与烧制工艺', '2025-01-01 00:00:00', '2025-01-01 00:00:00'),
(11, '木雕', 2, 2, '传统木雕工艺', '2025-01-01 00:00:00', '2025-01-01 00:00:00'),
(12, '漆艺', 2, 3, '传统漆器制作工艺', '2025-01-01 00:00:00', '2025-01-01 00:00:00'),
(13, '织染', 2, 4, '蓝印花布、扎染、蜡染等', '2025-01-01 00:00:00', '2025-01-01 00:00:00'),
(14, '编结', 2, 5, '中国结、竹编、草编等', '2025-01-01 00:00:00', '2025-01-01 00:00:00'),
(15, '书法', 1, 3, '传统书法艺术', '2025-01-01 00:00:00', '2025-01-01 00:00:00'),
(16, '年画', 1, 4, '传统年画制作', '2025-01-01 00:00:00', '2025-01-01 00:00:00');

-- -----------------------------------------------------------
-- 3. 非遗项目数据
-- -----------------------------------------------------------
INSERT INTO `heritage_project` (`id`, `name`, `category_id`, `level`, `description`, `region`, `image_url`, `status`, `created_at`, `updated_at`) VALUES
(1, '南通蓝印花布印染技艺', 13, '国家级', '蓝印花布是中国传统的手工印花染色技术，以蓝白两色为主色调，图案朴素优美，具有浓郁的民间艺术风格。', '江苏南通', NULL, 1, '2025-01-02 00:00:00', '2025-01-02 00:00:00'),
(2, '景德镇手工制瓷技艺', 10, '国家级', '景德镇传统手工制瓷技艺涵盖了拉坯、利坯、画坯、施釉和烧窑等72道工序，是中华陶瓷文化的瑰宝。', '江西景德镇', NULL, 1, '2025-01-02 00:00:00', '2025-01-02 00:00:00'),
(3, '苏州刺绣', 9, '国家级', '苏绣是中国四大名绣之一，以精细雅洁著称，题材广泛，技法独特，色彩清雅。', '江苏苏州', NULL, 1, '2025-01-02 00:00:00', '2025-01-02 00:00:00'),
(4, '东阳木雕', 11, '国家级', '东阳木雕因产于浙江东阳而得名，以平面浮雕为主，题材多为花鸟山水、民间故事。', '浙江东阳', NULL, 1, '2025-01-02 00:00:00', '2025-01-02 00:00:00'),
(5, '福州脱胎漆器髹饰技艺', 12, '国家级', '福州脱胎漆器与北京景泰蓝、江西景德镇瓷器并誉为中国传统工艺"三宝"。', '福建福州', NULL, 1, '2025-01-02 00:00:00', '2025-01-02 00:00:00'),
(6, '中国剪纸', 8, '国家级', '中国剪纸是世界级非物质文化遗产，用剪刀或刻刀在纸上剪刻花纹，用于装点生活或配合民俗活动。', '全国', NULL, 1, '2025-01-02 00:00:00', '2025-01-02 00:00:00'),
(7, '豫剧', 5, '国家级', '豫剧是中国五大戏曲剧种之一，起源于河南，以唱腔铿锵大气、抑扬有度著称。', '河南', NULL, 1, '2025-01-03 00:00:00', '2025-01-03 00:00:00'),
(8, '竹编工艺', 14, '省级', '利用竹子的韧性和弹性，通过编、织、穿、绕等手法制作各种生活用品和工艺品。', '四川', NULL, 1, '2025-01-03 00:00:00', '2025-01-03 00:00:00'),
(9, '汝瓷烧制技艺', 10, '省级', '汝瓷以温润的天青色闻名于世，烧制工艺复杂，需精确控制窑温和还原气氛。', '河南汝州', NULL, 1, '2025-01-04 00:00:00', '2025-01-04 00:00:00'),
(10, '朱仙镇木版年画', 16, '国家级', '朱仙镇木版年画起源于北宋，是中国四大年画之一，以线条粗犷、色彩鲜艳著称。', '河南开封', NULL, 1, '2025-01-04 00:00:00', '2025-01-04 00:00:00'),
(11, '蜀绣', 9, '国家级', '蜀绣又名川绣，与苏绣、湘绣、粤绣齐名，以针法细腻、色彩明丽闻名。', '四川成都', NULL, 1, '2025-01-05 00:00:00', '2025-01-05 00:00:00'),
(12, '扎染技艺', 13, '省级', '大理白族扎染技艺是云南传统手工印染技术，以板蓝根为染料，图案独具民族特色。', '云南大理', NULL, 1, '2025-01-05 00:00:00', '2025-01-05 00:00:00');

-- -----------------------------------------------------------
-- 4. 师傅档案数据
-- -----------------------------------------------------------
INSERT INTO `master_profile` (`id`, `user_id`, `title`, `heritage_project_id`, `skill_category_id`, `career_years`, `career_history`, `specialties`, `representative_works`, `bio`, `honor`, `audit_status`, `created_at`, `updated_at`) VALUES
(1, 2, '省级非遗传承人', 1, 13, 35, '1990年随祖母学习蓝印花布印染技艺，1995年独立完成第一件作品，2000年被认定为市级非遗传承人，2010年获省级非遗传承人称号。多次赴海外进行文化交流。', '蓝印花布印染、图案设计、染料配制', '["蓝印花布百福图","四季花卉蓝印长卷","龙凤呈祥蓝印挂毯"]', '张明远，男，1975年生于江苏南通，师承祖母学习蓝印花布印染技艺，从艺35年。致力于传统蓝印花布技艺的传承与创新，在保持传统工艺精髓的基础上融入现代设计元素。', '省级非遗代表性传承人、全国工艺美术优秀创作奖', 1, '2025-01-05 09:30:00', '2025-01-05 09:30:00'),
(2, 3, '市级非遗传承人', 3, 9, 28, '1997年进入苏州刺绣研究所学习，师从著名刺绣大师。2005年成立个人刺绣工作室，2012年被评为市级非遗传承人。作品多次在国家级展览中获奖。', '苏绣、双面绣、乱针绣', '["百鸟朝凤双面绣屏风","牡丹图团扇","山水长卷刺绣"]', '李秀芳，女，1980年生于江苏苏州，自幼跟随母亲学习刺绣，后入苏州刺绣研究所深造。从艺28年，擅长双面绣和乱针绣技法，作品融合传统与现代审美。', '市级非遗代表性传承人、江苏省工艺美术名人', 1, '2025-01-08 10:00:00', '2025-01-08 10:00:00'),
(3, 4, '省级非遗传承人', 2, 10, 40, '1985年进入景德镇陶瓷厂学徒，1993年创办个人陶瓷工作室，专注于传统青花瓷和粉彩瓷制作。2008年被授予省级非遗传承人称号。', '青花瓷、粉彩瓷、拉坯、画坯', '["青花山水大瓶","粉彩花鸟茶具套装","仿古青花瓷盘"]', '王德厚，男，1970年生于江西景德镇，陶瓷世家第四代传人。从艺40年，精通景德镇传统72道制瓷工序，尤擅青花绘制与粉彩技法。', '省级非遗代表性传承人、中国陶瓷艺术大师', 1, '2025-01-12 14:00:00', '2025-01-12 14:00:00');

-- -----------------------------------------------------------
-- 5. 师徒关系数据
-- -----------------------------------------------------------
INSERT INTO `master_apprentice_relation` (`id`, `master_id`, `apprentice_id`, `heritage_project_id`, `apply_reason`, `status`, `apply_time`, `approve_time`, `created_at`, `updated_at`) VALUES
(1, 2, 5, 1, '从小对蓝印花布印染技艺有浓厚兴趣，希望跟随张师傅系统学习传统印染工艺，传承这门珍贵的非遗技艺。', 1, '2025-02-01 10:00:00', '2025-02-03 15:00:00', '2025-02-01 10:00:00', '2025-02-03 15:00:00'),
(2, 2, 6, 1, '大学期间学习过染织设计专业，对传统蓝印花布工艺深感敬佩，希望在张师傅指导下深入学习传统技艺。', 1, '2025-02-05 09:00:00', '2025-02-07 11:00:00', '2025-02-05 09:00:00', '2025-02-07 11:00:00'),
(3, 3, 7, 3, '自幼喜爱刺绣，有一定的基础功底。希望跟随李师傅学习苏绣精湛技法，将这门传统艺术发扬光大。', 1, '2025-02-10 14:00:00', '2025-02-12 10:00:00', '2025-02-10 14:00:00', '2025-02-12 10:00:00'),
(4, 3, 8, 3, '美术专业毕业，对刺绣艺术有独特的理解和追求，希望能在李师傅门下深造，提升技艺水平。', 1, '2025-02-15 11:00:00', '2025-02-17 09:00:00', '2025-02-15 11:00:00', '2025-02-17 09:00:00'),
(5, 4, 9, 2, '景德镇陶瓷大学在读研究生，对传统制瓷技艺有深入的理论研究，渴望在王师傅指导下进行实践。', 1, '2025-02-20 10:00:00', '2025-02-22 14:00:00', '2025-02-20 10:00:00', '2025-02-22 14:00:00'),
(6, 4, 10, 2, '来自陶瓷之乡，从小耳濡目染，对制瓷有天然的热爱和悟性，希望跟随王师傅系统学习制瓷全工序。', 1, '2025-02-25 09:30:00', '2025-02-27 16:00:00', '2025-02-25 09:30:00', '2025-02-27 16:00:00'),
(7, 2, 11, 1, '对非遗文化保护有强烈使命感，希望通过拜师学习蓝印花布技艺，为非遗数字化保护贡献力量。', 0, '2025-03-10 08:00:00', NULL, '2025-03-10 08:00:00', '2025-03-10 08:00:00'),
(8, 3, 12, 3, '从小对针线活有天赋，立志成为新一代苏绣传承人，恳请李师傅收徒指导。', 0, '2025-03-12 10:00:00', NULL, '2025-03-12 10:00:00', '2025-03-12 10:00:00'),
(9, 2, 8, 1, '曾对蓝印花布产生兴趣但后来选择了刺绣方向，此前的申请已被拒绝。', 2, '2025-01-20 09:00:00', '2025-01-22 11:00:00', '2025-01-20 09:00:00', '2025-01-22 11:00:00');

-- -----------------------------------------------------------
-- 6. 教学任务数据
-- -----------------------------------------------------------
INSERT INTO `teaching_task` (`id`, `title`, `description`, `master_id`, `heritage_project_id`, `skill_category_id`, `deadline`, `status`, `created_at`, `updated_at`) VALUES
(1, '蓝印花布基础图案刻版学习', '学习蓝印花布传统图案的刻版技术，包括花卉、动物、几何等常见图案的构图方法和刻版要领。要求每位徒弟完成至少3种不同风格的图案刻版练习。', 2, 1, 13, '2025-04-01 23:59:59', 1, '2025-02-10 08:00:00', '2025-02-10 08:00:00'),
(2, '传统染料配制与色彩控制', '学习使用天然植物靛蓝染料的配制方法，掌握不同浓度下的色彩深浅变化规律。要求记录完整的实验数据。', 2, 1, 13, '2025-04-15 23:59:59', 0, '2025-02-20 10:00:00', '2025-02-20 10:00:00'),
(3, '苏绣基础针法练习', '系统学习平绣、齐针、套针、施针等基础针法，每种针法完成一个10cm*10cm的练习作品，并记录学习心得。', 3, 3, 9, '2025-03-30 23:59:59', 1, '2025-02-15 09:00:00', '2025-02-15 09:00:00'),
(4, '双面绣入门技法', '在掌握基础针法后，学习双面绣的起针、转针、藏针等核心技法，完成一幅简单的双面绣小品（花卉主题）。', 3, 3, 9, '2025-05-01 23:59:59', 0, '2025-03-01 14:00:00', '2025-03-01 14:00:00'),
(5, '拉坯基本功训练', '学习景德镇传统拉坯技艺，从揉泥、定中心、开孔、拉筒到成型，每人完成碗、杯、瓶三种基本器型各5件。', 4, 2, 10, '2025-04-20 23:59:59', 1, '2025-03-01 08:00:00', '2025-03-01 08:00:00'),
(6, '青花绘制技法学习', '学习传统青花瓷的绘制技法，包括分水、勾线、染色等。要求在素坯上完成一组传统花鸟纹样的绘制。', 4, 2, 10, '2025-05-15 23:59:59', 0, '2025-03-15 10:00:00', '2025-03-15 10:00:00'),
(7, '蓝印花布成品制作', '综合运用刻版、调浆、刮浆、染色、刮白等完整工序，独立完成一件蓝印花布桌布的制作。', 2, 1, 13, '2025-06-01 23:59:59', 0, '2025-03-20 09:00:00', '2025-03-20 09:00:00'),
(8, '乱针绣创新实践', '在传统乱针绣基础上，融入个人创意，以风景或人物为主题，完成一幅不小于30cm*40cm的创新绣品。', 3, 3, 9, '2025-06-15 23:59:59', 0, '2025-03-25 11:00:00', '2025-03-25 11:00:00'),
(9, '窑炉温度控制实践', '学习景德镇传统柴窑烧制的温度控制技术，了解不同温度段对瓷器釉面的影响，记录烧窑全过程数据。', 4, 2, 10, '2025-06-30 23:59:59', 0, '2025-04-01 08:00:00', '2025-04-01 08:00:00'),
(10, '非遗文化调研报告', '走访当地非遗传承人，收集口述历史资料，撰写一篇不少于3000字的非遗文化调研报告。', 2, 1, 13, '2025-05-01 23:59:59', 0, '2025-03-10 09:00:00', '2025-03-10 09:00:00');

-- -----------------------------------------------------------
-- 7. 任务提交数据
-- -----------------------------------------------------------
INSERT INTO `task_submission` (`id`, `task_id`, `apprentice_id`, `content`, `file_url`, `status`, `master_comment`, `score`, `submit_time`, `review_time`, `created_at`, `updated_at`) VALUES
(1, 1, 5, '完成了牡丹花、蝴蝶和万字纹三种图案的刻版练习。在刻版过程中体会到了力道控制的重要性，线条流畅度还需要多加练习。', '/uploads/submissions/sub_001.jpg', 2, '刻版基本功扎实，线条流畅度需要加强，牡丹花的花瓣层次感可以再丰富一些。继续保持学习热情！', 85, '2025-03-01 16:00:00', '2025-03-03 10:00:00', '2025-03-01 16:00:00', '2025-03-03 10:00:00'),
(2, 1, 6, '完成了梅花、喜鹊和回纹三种图案。梅花的枝干走势比较满意，喜鹊的羽毛细节处理还需改进。', '/uploads/submissions/sub_002.jpg', 2, '构图大气，对传统纹样理解到位。喜鹊的羽毛建议参考宋代花鸟画的处理手法。整体进步明显！', 88, '2025-03-05 14:30:00', '2025-03-07 09:00:00', '2025-03-05 14:30:00', '2025-03-07 09:00:00'),
(3, 3, 7, '完成了平绣和齐针两种针法的练习作品。平绣比较顺利，齐针的针脚均匀度还需加强。', '/uploads/submissions/sub_003.jpg', 2, '平绣掌握得不错，线条整齐。齐针练习中注意保持每一针的间距一致，这需要大量练习，不要着急。', 82, '2025-03-10 15:00:00', '2025-03-12 11:00:00', '2025-03-10 15:00:00', '2025-03-12 11:00:00'),
(4, 3, 8, '四种基础针法的练习作品全部完成。个人觉得施针最难，容易出现针脚不规则的情况。', '/uploads/submissions/sub_004.jpg', 2, '进度很快，四种针法全部完成值得表扬！施针确实是难点，建议用细线在薄布上反复练习，会有明显进步。', 90, '2025-03-08 10:00:00', '2025-03-10 14:00:00', '2025-03-08 10:00:00', '2025-03-10 14:00:00'),
(5, 5, 9, '完成了5个碗和5个杯的拉坯练习。拉坯时泥料的含水量控制是最大的难点，有几件作品因为泥太软而变形。', '/uploads/submissions/sub_005.jpg', 2, '拉坯功底不错，器型基本规整。注意揉泥时要把气泡排尽，含水量要根据季节调整。瓶的练习要加快进度。', 80, '2025-03-20 16:00:00', '2025-03-22 10:00:00', '2025-03-20 16:00:00', '2025-03-22 10:00:00'),
(6, 5, 10, '三种器型各完成了5件。碗和杯的成功率较高，瓶的口部处理需要加强，容易出现不圆的情况。', '/uploads/submissions/sub_006.jpg', 1, NULL, NULL, '2025-03-25 11:00:00', NULL, '2025-03-25 11:00:00', '2025-03-25 11:00:00'),
(7, 2, 5, '记录了不同浓度靛蓝染料的配制过程和上色效果对比。发现温度对染色效果有显著影响。', '/uploads/submissions/sub_007.pdf', 0, NULL, NULL, '2025-04-01 10:00:00', NULL, '2025-04-01 10:00:00', '2025-04-01 10:00:00'),
(8, 10, 5, '走访了南通地区3位蓝印花布传承人，收集了大量一手口述资料，完成了调研报告初稿。', '/uploads/submissions/sub_008.pdf', 0, NULL, NULL, '2025-04-10 14:00:00', NULL, '2025-04-10 14:00:00', '2025-04-10 14:00:00');

-- -----------------------------------------------------------
-- 8. 学习材料数据
-- -----------------------------------------------------------
INSERT INTO `learning_material` (`id`, `title`, `description`, `file_url`, `file_type`, `file_size`, `task_id`, `uploader_id`, `heritage_project_id`, `created_at`, `updated_at`) VALUES
(1, '蓝印花布传统图案集', '收录了100多种蓝印花布经典图案，包含花卉、动物、人物、几何纹样等分类。', '/uploads/materials/mat_001.pdf', 'PDF', 15728640, 1, 2, 1, '2025-02-10 08:30:00', '2025-02-10 08:30:00'),
(2, '刻版工具使用指南', '详细介绍了刻版刀、油纸板、浆料等工具的使用方法和保养技巧。', '/uploads/materials/mat_002.pdf', 'PDF', 5242880, 1, 2, 1, '2025-02-10 08:45:00', '2025-02-10 08:45:00'),
(3, '天然靛蓝染料配制手册', '记录了传统靛蓝染料的配制方法、不同浓度的色彩效果、温度与时间的控制要领。', '/uploads/materials/mat_003.pdf', 'PDF', 8388608, 2, 2, 1, '2025-02-20 10:30:00', '2025-02-20 10:30:00'),
(4, '苏绣基础针法教学视频', '李师傅亲自示范平绣、齐针、套针、施针四种基础针法的操作要领。', '/uploads/materials/mat_004.mp4', 'VIDEO', 524288000, 3, 3, 3, '2025-02-15 09:30:00', '2025-02-15 09:30:00'),
(5, '苏绣配色指南', '介绍苏绣传统配色方案和丝线选择方法，含50组经典配色组合。', '/uploads/materials/mat_005.pdf', 'PDF', 10485760, 3, 3, 3, '2025-02-15 10:00:00', '2025-02-15 10:00:00'),
(6, '双面绣技法详解', '详细讲解双面绣的核心技法：起针不留痕、转针无接头、藏针无断线。', '/uploads/materials/mat_006.pdf', 'PDF', 12582912, 4, 3, 3, '2025-03-01 14:30:00', '2025-03-01 14:30:00'),
(7, '景德镇传统拉坯教程', '王师傅录制的拉坯全流程教学视频，从揉泥到成型的完整演示。', '/uploads/materials/mat_007.mp4', 'VIDEO', 734003200, 5, 4, 2, '2025-03-01 08:30:00', '2025-03-01 08:30:00'),
(8, '青花瓷绘制技法图解', '包含分水、勾线、染色三大技法的图文详解，附历代经典青花纹样赏析。', '/uploads/materials/mat_008.pdf', 'PDF', 20971520, 6, 4, 2, '2025-03-15 10:30:00', '2025-03-15 10:30:00'),
(9, '非遗项目申报指南', '整理了国家级、省级非遗项目的申报流程、条件与注意事项。', '/uploads/materials/mat_009.pdf', 'PDF', 3145728, NULL, 2, 1, '2025-02-01 09:00:00', '2025-02-01 09:00:00'),
(10, '传统手工艺品鉴赏教材', '系统介绍了中国十大传统手工艺的发展历程、工艺特点与鉴赏方法。', '/uploads/materials/mat_010.pdf', 'PDF', 41943040, NULL, 4, 2, '2025-01-20 10:00:00', '2025-01-20 10:00:00');

-- -----------------------------------------------------------
-- 9. 作品数据
-- -----------------------------------------------------------
INSERT INTO `artwork` (`id`, `title`, `description`, `apprentice_id`, `master_id`, `heritage_project_id`, `skill_category_id`, `image_urls`, `video_url`, `status`, `created_at`, `updated_at`) VALUES
(1, '春归蓝印花布围巾', '以春天回归为主题，采用传统蓝印花布工艺制作的围巾。图案以燕子归巢和桃花盛开为主要元素，寓意春回大地、万物复苏。', 5, 2, 1, 13, '["https://example.com/artworks/art_001_1.jpg","https://example.com/artworks/art_001_2.jpg"]', NULL, 2, '2025-03-15 14:00:00', '2025-03-18 10:00:00'),
(2, '蓝印花布茶席套装', '运用传统蓝印花布技艺制作的茶席套装，包含茶垫、杯垫和壶承三件套。图案选用莲花与荷叶，体现茶道清雅之韵。', 6, 2, 1, 13, '["https://example.com/artworks/art_002_1.jpg"]', NULL, 2, '2025-03-20 10:00:00', '2025-03-22 15:00:00'),
(3, '牡丹蝴蝶苏绣团扇', '以传统工笔画风格绣制的牡丹蝴蝶团扇，采用平绣与套针相结合的技法，色彩层次丰富。', 7, 3, 3, 9, '["https://example.com/artworks/art_003_1.jpg","https://example.com/artworks/art_003_2.jpg"]', NULL, 2, '2025-03-25 11:00:00', '2025-03-28 09:00:00'),
(4, '锦鲤戏水双面绣小品', '初次尝试双面绣技法的习作，以锦鲤戏水为主题。正面为全景，背面为局部特写，虽有不足但已初具双面绣神韵。', 8, 3, 3, 9, '["https://example.com/artworks/art_004_1.jpg"]', NULL, 1, '2025-03-30 14:00:00', '2025-03-30 14:00:00'),
(5, '青花瓷茶杯组', '在王师傅指导下完成的第一组青花瓷茶杯，采用传统缠枝莲纹装饰，釉面温润，花色清雅。', 9, 4, 2, 10, '["https://example.com/artworks/art_005_1.jpg","https://example.com/artworks/art_005_2.jpg"]', NULL, 2, '2025-04-01 10:00:00', '2025-04-03 14:00:00'),
(6, '粉彩花鸟小瓶', '练习粉彩技法的习作，以喜鹊登梅为题材，釉上彩绘制而成。色彩搭配还需改进。', 10, 4, 2, 10, '["https://example.com/artworks/art_006_1.jpg"]', NULL, 1, '2025-04-05 15:00:00', '2025-04-05 15:00:00'),
(7, '蓝印花布手提袋', '将传统蓝印花布与现代手提袋设计结合，图案采用传统万字纹和祥云纹，实用与美观兼备。', 5, 2, 1, 13, '["https://example.com/artworks/art_007_1.jpg"]', NULL, 1, '2025-04-10 09:00:00', '2025-04-10 09:00:00'),
(8, '梅花三弄苏绣挂画', '以梅花为主题的苏绣挂画，运用了乱针绣技法表现梅花的枝干质感，是一次大胆的技法创新尝试。', 7, 3, 3, 9, '["https://example.com/artworks/art_008_1.jpg","https://example.com/artworks/art_008_2.jpg"]', NULL, 0, '2025-04-12 16:00:00', '2025-04-12 16:00:00'),
(9, '仿古青花瓷盘', '参考元代青花瓷经典纹样，在30cm瓷盘上绘制的仿古青花作品。', 9, 4, 2, 10, '["https://example.com/artworks/art_009_1.jpg"]', NULL, 1, '2025-04-15 10:00:00', '2025-04-15 10:00:00'),
(10, '蓝印花布抱枕', '以鱼戏莲为主题的蓝印花布抱枕，表达年年有余的美好寓意。', 6, 2, 1, 13, '["https://example.com/artworks/art_010_1.jpg"]', NULL, 0, '2025-04-18 11:00:00', '2025-04-18 11:00:00');

-- -----------------------------------------------------------
-- 10. 作品点评数据
-- -----------------------------------------------------------
INSERT INTO `artwork_review` (`id`, `artwork_id`, `reviewer_id`, `content`, `score`, `created_at`, `updated_at`) VALUES
(1, 1, 2, '整体构图合理，燕子的形态生动，桃花的色彩渲染自然。在刻版线条的粗细变化上可以更加大胆，让图案更有层次感。作为初期作品已经很不错了，继续加油！', 88, '2025-03-18 10:00:00', '2025-03-18 10:00:00'),
(2, 2, 2, '茶席套装的设计理念很好，莲花荷叶的图案与茶道文化非常契合。蓝白色调的深浅过渡需要更加细腻，建议多研究传统蓝印花布的层次表现技法。', 85, '2025-03-22 15:00:00', '2025-03-22 15:00:00'),
(3, 3, 3, '构图饱满，配色雅致，牡丹的花瓣层次感处理得很好。蝴蝶翅膀的渐变色可以再细腻一些，建议用套针技法来增强色彩过渡效果。整体水平在同期学员中表现突出。', 90, '2025-03-28 09:00:00', '2025-03-28 09:00:00'),
(4, 5, 4, '杯型规整，拉坯功底扎实。缠枝莲纹的绘制线条流畅，分水均匀。建议在口沿和足部的处理上再精细一些，这是判断瓷器品质的关键细节。', 86, '2025-04-03 14:00:00', '2025-04-03 14:00:00'),
(5, 1, 2, '二次查看后的补充点评：围巾的整体色牢度测试合格，洗涤后不褪色。建议下次注意浆料涂抹的均匀度，局部有轻微渗色。', 88, '2025-03-25 09:00:00', '2025-03-25 09:00:00');

-- -----------------------------------------------------------
-- 11. 成长记录数据
-- -----------------------------------------------------------
INSERT INTO `growth_record` (`id`, `apprentice_id`, `record_type`, `title`, `description`, `related_id`, `related_type`, `created_at`) VALUES
(1, 5, 'MILESTONE', '正式拜师', '正式成为张明远师傅的徒弟，开始学习蓝印花布印染技艺。', 1, 'RELATION', '2025-02-03 15:00:00'),
(2, 6, 'MILESTONE', '正式拜师', '正式成为张明远师傅的徒弟，开始学习蓝印花布印染技艺。', 2, 'RELATION', '2025-02-07 11:00:00'),
(3, 7, 'MILESTONE', '正式拜师', '正式成为李秀芳师傅的徒弟，开始学习苏州刺绣。', 3, 'RELATION', '2025-02-12 10:00:00'),
(4, 8, 'MILESTONE', '正式拜师', '正式成为李秀芳师傅的徒弟，开始学习苏州刺绣。', 4, 'RELATION', '2025-02-17 09:00:00'),
(5, 9, 'MILESTONE', '正式拜师', '正式成为王德厚师傅的徒弟，开始学习景德镇制瓷技艺。', 5, 'RELATION', '2025-02-22 14:00:00'),
(6, 10, 'MILESTONE', '正式拜师', '正式成为王德厚师傅的徒弟，开始学习景德镇制瓷技艺。', 6, 'RELATION', '2025-02-27 16:00:00'),
(7, 5, 'TASK_COMPLETE', '完成刻版学习任务', '完成了蓝印花布基础图案刻版学习任务，获得85分。', 1, 'TASK_SUBMISSION', '2025-03-03 10:00:00'),
(8, 6, 'TASK_COMPLETE', '完成刻版学习任务', '完成了蓝印花布基础图案刻版学习任务，获得88分。', 2, 'TASK_SUBMISSION', '2025-03-07 09:00:00'),
(9, 7, 'TASK_COMPLETE', '完成基础针法练习', '完成了苏绣基础针法练习任务，获得82分。', 3, 'TASK_SUBMISSION', '2025-03-12 11:00:00'),
(10, 8, 'TASK_COMPLETE', '完成基础针法练习', '完成了苏绣基础针法练习任务，获得90分的优秀成绩。', 4, 'TASK_SUBMISSION', '2025-03-10 14:00:00'),
(11, 9, 'TASK_COMPLETE', '完成拉坯基本功训练', '完成了景德镇传统拉坯基本功训练，获得80分。', 5, 'TASK_SUBMISSION', '2025-03-22 10:00:00'),
(12, 5, 'ARTWORK_SUBMIT', '提交作品：春归蓝印花布围巾', '完成并提交了第一件蓝印花布作品——春归蓝印花布围巾。', 1, 'ARTWORK', '2025-03-15 14:00:00'),
(13, 5, 'ARTWORK_REVIEWED', '作品获得师傅点评', '春归蓝印花布围巾获得张师傅点评，评分88分。', 1, 'ARTWORK', '2025-03-18 10:00:00'),
(14, 6, 'ARTWORK_SUBMIT', '提交作品：蓝印花布茶席套装', '完成并提交了蓝印花布茶席套装。', 2, 'ARTWORK', '2025-03-20 10:00:00'),
(15, 7, 'ARTWORK_SUBMIT', '提交作品：牡丹蝴蝶苏绣团扇', '完成并提交了第一幅苏绣作品——牡丹蝴蝶团扇。', 3, 'ARTWORK', '2025-03-25 11:00:00'),
(16, 7, 'ARTWORK_REVIEWED', '作品获得师傅点评', '牡丹蝴蝶苏绣团扇获得李师傅点评，评分90分，获得高度评价。', 3, 'ARTWORK', '2025-03-28 09:00:00'),
(17, 9, 'ARTWORK_SUBMIT', '提交作品：青花瓷茶杯组', '完成并提交了第一组青花瓷作品。', 5, 'ARTWORK', '2025-04-01 10:00:00'),
(18, 9, 'ARTWORK_REVIEWED', '作品获得师傅点评', '青花瓷茶杯组获得王师傅点评，评分86分。', 5, 'ARTWORK', '2025-04-03 14:00:00'),
(19, 5, 'COURSE_JOIN', '参加非遗文化公开讲座', '参加了由文化馆组织的非遗文化公开讲座活动。', 1, 'ACTIVITY', '2025-03-15 09:00:00'),
(20, 7, 'COURSE_JOIN', '参加苏绣艺术展览', '参加了苏州刺绣艺术展览活动。', 2, 'ACTIVITY', '2025-04-05 10:00:00');

-- -----------------------------------------------------------
-- 12. 活动课程数据
-- -----------------------------------------------------------
INSERT INTO `activity` (`id`, `title`, `description`, `content`, `cover_url`, `location`, `start_time`, `end_time`, `max_participants`, `current_participants`, `heritage_project_id`, `status`, `publisher_id`, `created_at`, `updated_at`) VALUES
(1, '非遗文化公开讲座：蓝印花布的前世今生', '邀请国家级非遗传承人讲述蓝印花布的历史渊源、工艺特色与当代价值。', '本次讲座将从以下几个方面展开：\n1. 蓝印花布的历史沿革（明清至今）\n2. 传统印染工艺流程详解\n3. 蓝印花布图案的文化内涵\n4. 传统技艺的现代创新应用\n5. 互动问答与现场体验', NULL, '南通非遗展览馆报告厅', '2025-03-15 09:00:00', '2025-03-15 12:00:00', 50, 35, 1, 2, 1, '2025-02-28 10:00:00', '2025-03-15 12:00:00'),
(2, '苏绣艺术展览：针尖上的诗画', '展出苏州刺绣研究所及民间传承人的精品苏绣作品，含现场刺绣演示。', '展览内容包括：\n- 历代苏绣精品50余幅\n- 双面绣、乱针绣等技法演示\n- 苏绣与现代时尚的融合作品\n- 现场体验区（免费提供材料）', NULL, '苏州丝绸博物馆', '2025-04-05 10:00:00', '2025-04-10 17:00:00', 200, 86, 3, 1, 1, '2025-03-20 14:00:00', '2025-04-05 10:00:00'),
(3, '景德镇陶瓷文化研学营', '为期三天的景德镇陶瓷文化深度研学，体验从制泥到出窑的完整工序。', '研学行程：\nDay 1：参观古窑民俗博览区，了解千年制瓷历史\nDay 2：亲手体验拉坯、画坯，在传承人指导下完成作品\nDay 3：参观现代陶瓷工厂，了解传统与现代的结合', NULL, '江西景德镇古窑民俗博览区', '2025-05-01 08:00:00', '2025-05-03 18:00:00', 30, 12, 2, 0, 1, '2025-04-01 09:00:00', '2025-04-01 09:00:00'),
(4, '非遗技艺体验日：走进传统手工艺', '面向社会公众的非遗技艺体验活动，设置剪纸、蓝印花布、陶艺等多个体验区。', '活动设置以下体验区：\n1. 剪纸体验区 - 传承人现场教学\n2. 蓝印花布体验区 - 亲手制作蓝印花布作品\n3. 陶艺体验区 - 拉坯与绘制体验\n4. 刺绣体验区 - 基础针法学习\n每人可选择2个体验区参与', NULL, '市文化活动中心', '2025-04-20 09:00:00', '2025-04-20 17:00:00', 100, 45, NULL, 0, 1, '2025-04-05 10:00:00', '2025-04-05 10:00:00'),
(5, '非遗传承人座谈会', '邀请多位非遗传承人分享传承经验，探讨非遗保护与数字化发展方向。', '座谈主题：\n1. 师徒传承模式的现状与挑战\n2. 数字化技术在非遗保护中的应用\n3. 非遗产品的市场化探索\n4. 年轻一代传承人的培养路径', NULL, '文化馆三楼会议室', '2025-05-15 14:00:00', '2025-05-15 17:00:00', 40, 0, NULL, 0, 1, '2025-04-20 09:00:00', '2025-04-20 09:00:00'),
(6, '蓝印花布创意设计大赛', '面向所有学习蓝印花布技艺的徒弟，以"传统与创新"为主题的创意设计比赛。', '比赛规则：\n1. 参赛作品须以传统蓝印花布工艺制作\n2. 鼓励融入现代设计元素\n3. 作品需附创作说明\n4. 由专家评审团评选金银铜奖各1名', NULL, '线上提交 + 线下展览', '2025-06-01 00:00:00', '2025-06-30 23:59:59', 50, 0, 1, 0, 1, '2025-05-01 10:00:00', '2025-05-01 10:00:00');

-- -----------------------------------------------------------
-- 13. 活动参与数据
-- -----------------------------------------------------------
INSERT INTO `activity_participation` (`id`, `activity_id`, `user_id`, `status`, `created_at`, `updated_at`) VALUES
(1, 1, 5, 1, '2025-03-05 10:00:00', '2025-03-15 09:05:00'),
(2, 1, 6, 1, '2025-03-06 14:00:00', '2025-03-15 09:10:00'),
(3, 1, 7, 0, '2025-03-07 09:00:00', '2025-03-07 09:00:00'),
(4, 2, 7, 1, '2025-03-25 10:00:00', '2025-04-05 10:05:00'),
(5, 2, 8, 0, '2025-03-26 11:00:00', '2025-03-26 11:00:00'),
(6, 3, 9, 0, '2025-04-10 09:00:00', '2025-04-10 09:00:00'),
(7, 3, 10, 0, '2025-04-11 10:00:00', '2025-04-11 10:00:00'),
(8, 4, 5, 0, '2025-04-10 08:00:00', '2025-04-10 08:00:00'),
(9, 4, 7, 0, '2025-04-12 14:00:00', '2025-04-12 14:00:00'),
(10, 4, 9, 0, '2025-04-13 09:00:00', '2025-04-13 09:00:00'),
(11, 1, 9, 2, '2025-03-08 10:00:00', '2025-03-10 08:00:00'),
(12, 2, 5, 0, '2025-03-28 09:00:00', '2025-03-28 09:00:00');

-- -----------------------------------------------------------
-- 14. 公告数据
-- -----------------------------------------------------------
INSERT INTO `announcement` (`id`, `title`, `content`, `publisher_id`, `is_top`, `status`, `created_at`, `updated_at`) VALUES
(1, '关于非遗技艺师徒档案传承管理系统正式上线的通知', '各位师傅、徒弟及相关工作人员：\n\n非遗技艺"师徒档案"传承管理系统已于2025年1月1日正式上线运行。该系统旨在通过数字化手段，规范师徒传承流程，留存学习过程数据，为非遗技艺的保护与传承提供有力支撑。\n\n请各位用户及时完善个人档案，如有使用问题请联系系统管理员。\n\n特此通知。', 1, 1, 1, '2025-01-01 10:00:00', '2025-01-01 10:00:00'),
(2, '2025年度非遗传承人培训计划发布', '经过前期调研和专家论证，2025年度非遗传承人培训计划现已制定完成。本年度将重点开展以下培训项目：\n\n1. 传统技艺基础培训（3-4月）\n2. 创新设计能力提升培训（5-6月）\n3. 非遗数字化保护技术培训（7-8月）\n4. 市场化运营实践培训（9-10月）\n\n详细课程安排将另行通知，请关注系统公告。', 1, 1, 1, '2025-01-15 09:00:00', '2025-01-15 09:00:00'),
(3, '系统维护通知', '为提升系统性能和用户体验，系统将于2025年2月28日晚22:00-次日凌晨2:00进行维护升级。维护期间系统暂停服务，请提前做好相关安排。\n\n给您带来的不便，敬请谅解。', 1, 0, 1, '2025-02-25 14:00:00', '2025-02-25 14:00:00'),
(4, '关于规范师徒关系管理的通知', '各位师傅：\n\n为确保师徒传承质量，现对师徒关系管理做如下规范：\n1. 每位师傅同时在带徒弟数量建议不超过5名\n2. 拜师申请须在7个工作日内审核\n3. 解除师徒关系需说明原因并经管理员确认\n4. 师傅应定期（至少每月一次）发布教学任务\n\n请各位师傅认真执行。', 1, 0, 1, '2025-03-01 10:00:00', '2025-03-01 10:00:00'),
(5, '非遗技艺体验日活动报名开始', '2025年"非遗技艺体验日"活动将于4月20日在市文化活动中心举办。活动设置剪纸、蓝印花布、陶艺、刺绣等多个体验区，面向全社会公开报名。\n\n报名方式：通过本系统"活动课程"模块在线报名\n报名截止：2025年4月15日\n名额有限，先到先得！', 1, 0, 1, '2025-04-05 10:00:00', '2025-04-05 10:00:00'),
(6, '关于提交年度非遗传承工作总结的通知', '各位师傅：\n\n请于2025年12月31日前提交本年度非遗传承工作总结，包括：\n1. 教学任务完成情况\n2. 徒弟培养成果\n3. 作品创作与展览情况\n4. 参与活动情况\n5. 下年度工作计划\n\n总结请通过系统提交或发送至管理员邮箱。', 1, 0, 0, '2025-04-15 09:00:00', '2025-04-15 09:00:00');

-- -----------------------------------------------------------
-- 15. 审计日志数据
-- -----------------------------------------------------------
INSERT INTO `audit_log` (`id`, `user_id`, `username`, `operation`, `method`, `params`, `ip`, `result_status`, `error_msg`, `duration`, `created_at`) VALUES
(1, 1, 'admin', '用户登录', 'POST /api/auth/login', '{"username":"admin"}', '192.168.1.100', 1, NULL, 45, '2025-01-01 08:00:00'),
(2, 2, 'master1', '用户登录', 'POST /api/auth/login', '{"username":"master1"}', '192.168.1.101', 1, NULL, 38, '2025-01-05 09:30:00'),
(3, 1, 'admin', '审核师傅档案', 'PUT /api/admin/master-profiles/1/audit', '{"auditStatus":1}', '192.168.1.100', 1, NULL, 120, '2025-01-06 10:00:00'),
(4, 5, 'apprentice1', '申请拜师', 'POST /api/relations/apply', '{"masterId":2,"heritageProjectId":1}', '192.168.1.105', 1, NULL, 88, '2025-02-01 10:00:00'),
(5, 2, 'master1', '审核拜师申请', 'PUT /api/relations/1/approve', '{"status":1}', '192.168.1.101', 1, NULL, 95, '2025-02-03 15:00:00'),
(6, 2, 'master1', '发布教学任务', 'POST /api/tasks', '{"title":"蓝印花布基础图案刻版学习"}', '192.168.1.101', 1, NULL, 156, '2025-02-10 08:00:00'),
(7, 5, 'apprentice1', '提交学习成果', 'POST /api/submissions', '{"taskId":1}', '192.168.1.105', 1, NULL, 234, '2025-03-01 16:00:00'),
(8, 2, 'master1', '点评徒弟作品', 'POST /api/artwork-reviews', '{"artworkId":1,"score":88}', '192.168.1.101', 1, NULL, 112, '2025-03-18 10:00:00'),
(9, 1, 'admin', '发布活动', 'POST /api/activities', '{"title":"非遗文化公开讲座"}', '192.168.1.100', 1, NULL, 178, '2025-02-28 10:00:00'),
(10, 1, 'admin', '发布公告', 'POST /api/announcements', '{"title":"系统维护通知"}', '192.168.1.100', 1, NULL, 67, '2025-02-25 14:00:00');
